path,label,kind,source,variant,pre_ms,post_ms,offset_ms,gain_db,snr_db,reverb_applied,reverb_wet,reverb_tail_ms,background,word_start_ms
data\positive_ai_augmented\positive_ai_augmented_00000.wav,1,positive_ai_augmented,C:\Dev\wakeword\data\positive_ai\positive_00000.wav,0,409.58,275.55,86.06,5.61,15.72,false,0.0,0.0,negative_real,495.62
data\positive_ai_augmented\positive_ai_augmented_00001.wav,1,positive_ai_augmented,C:\Dev\wakeword\data\positive_ai\positive_00000.wav,1,151.25,280.15,-31.01,3.16,4.54,false,0.0,0.0,negative_real,120.19
data\positive_ai_augmented\positive_ai_augmented_00002.wav,1,positive_ai_augmented,C:\Dev\wakeword\data\positive_ai\positive_00000.wav,2,321.83,125.53,78.63,-4.33,17.86,false,0.0,0.0,negative_real,400.44
data\positive_ai_augmented\positive_ai_augmented_00003.wav,1,positive_ai_augmented,C:\Dev\wakeword\data\positive_ai\positive_00001.wav,0,411.35,177.86,-7.99,-7.53,,false,0.0,0.0,silence,403.31
data\positive_ai_augmented\positive_ai_augmented_00004.wav,1,positive_ai_augmented,C:\Dev\wakeword\data\positive_ai\positive_00001.wav,1,487.0,230.33,-31.09,-7.92,4.54,false,0.0,0.0,negative_real,455.88
data\positive_ai_augmented\positive_ai_augmented_00005.wav,1,positive_ai_augmented,C:\Dev\wakeword\data\positive_ai\positive_00001.wav,2,367.93,274.86,79.84,3.32,7.75,false,0.0,0.0,negative_real,447.75
data\positive_ai_augmented\positive_ai_augmented_00006.wav,1,positive_ai_augmented,C:\Dev\wakeword\data\positive_ai\positive_00003.wav,0,215.33,373.0,-86.46,-9.88,,false,0.0,0.0,silence,128.81
data\positive_ai_augmented\positive_ai_augmented_00007.wav,1,positive_ai_augmented,C:\Dev\wakeword\data\positive_ai\positive_00003.wav,1,382.07,412.29,-9.86,-8.17,9.42,false,0.0,0.0,negative_real,247.75
data\positive_ai_augmented\positive_ai_augmented_00008.wav,1,positive_ai_augmented,C:\Dev\wakeword\data\positive_ai\positive_00003.wav,2,326.09,406.0,32.33,-5.14,11.14,true,0.1673,94.33,negative_real,254.06
data\positive_ai_augmented\positive_ai_augmented_00009.wav,1,positive_ai_augmented,C:\Dev\wakeword\data\positive_ai\positive_00004.wav,0,413.56,365.73,-22.47,-9.64,7.62,true,0.2245,133.9,negative_real,391.06
data\positive_ai_augmented\positive_ai_augmented_00010.wav,1,positive_ai_augmented,C:\Dev\wakeword\data\positive_ai\positive_00004.wav,1,220.6,352.11,-33.16,-8.11,,false,0.0,0.0,silence,187.44
data\positive_ai_augmented\positive_ai_augmented_00011.wav,1,positive_ai_augmented,C:\Dev\wakeword\data\positive_ai\positive_00004.wav,2,379.88,206.35,112.6,-2.81,12.55,true,0.0993,204.42,negative_real,492.44
data\positive_ai_augmented\positive_ai_augmented_00012.wav,1,positive_ai_augmented,C:\Dev\wakeword\data\positive_ai\positive_00006.wav,0,333.64,359.94,-99.73,-2.1,11.82,true,0.1089,76.54,negative_real,233.88
data\positive_ai_augmented\positive_ai_augmented_00013.wav,1,positive_ai_augmented,C:\Dev\wakeword\data\positive_ai\positive_00006.wav,1,109.12,483.42,-4.25,-2.21,18.76,false,0.0,0.0,negative_real,104.81
data\positive_ai_augmented\positive_ai_augmented_00014.wav,1,positive_ai_augmented,C:\Dev\wakeword\data\positive_ai\positive_00006.wav,2,328.69,289.4,-55.93,-2.98,2.15,true,0.2453,203.39,negative_real,272.75
data\positive_ai_augmented\positive_ai_augmented_00015.wav,1,positive_ai_augmented,C:\Dev\wakeword\data\positive_ai\positive_00009.wav,0,466.4,192.09,-111.02,3.28,6.34,false,0.0,0.0,negative_real,355.38
data\positive_ai_augmented\positive_ai_augmented_00016.wav,1,positive_ai_augmented,C:\Dev\wakeword\data\positive_ai\positive_00009.wav,1,481.16,216.37,3.61,-7.37,6.32,true,0.167,218.78,negative_real,484.75
data\positive_ai_augmented\positive_ai_augmented_00017.wav,1,positive_ai_augmented,C:\Dev\wakeword\data\positive_ai\positive_00009.wav,2,408.8,364.66,-30.32,1.95,,true,0.2674,98.56,silence,378.44
data\positive_ai_augmented\positive_ai_augmented_00018.wav,1,positive_ai_augmented,C:\Dev\wakeword\data\positive_ai\positive_00011.wav,0,178.57,224.13,66.58,-7.7,4.0,true,0.1259,81.09,negative_real,245.12
data\positive_ai_augmented\positive_ai_augmented_00019.wav,1,positive_ai_augmented,C:\Dev\wakeword\data\positive_ai\positive_00011.wav,1,421.65,386.16,57.36,-8.02,,false,0.0,0.0,silence,479.0
data\positive_ai_augmented\positive_ai_augmented_00020.wav,1,positive_ai_augmented,C:\Dev\wakeword\data\positive_ai\positive_00011.wav,2,220.38,295.43,39.09,4.8,16.59,true,0.191,161.44,negative_real,259.44
data\positive_ai_augmented\positive_ai_augmented_00021.wav,1,positive_ai_augmented,C:\Dev\wakeword\data\positive_ai\positive_00012.wav,0,418.73,193.06,7.38,-0.35,7.48,false,0.0,0.0,negative_real,426.06
data\positive_ai_augmented\positive_ai_augmented_00022.wav,1,positive_ai_augmented,C:\Dev\wakeword\data\positive_ai\positive_00012.wav,1,270.35,360.77,88.2,-6.21,16.33,false,0.0,0.0,negative_real,358.5
data\positive_ai_augmented\positive_ai_augmented_00023.wav,1,positive_ai_augmented,C:\Dev\wakeword\data\positive_ai\positive_00012.wav,2,142.11,126.62,22.66,3.19,,true,0.1088,207.36,silence,164.75
data\positive_ai_augmented\positive_ai_augmented_00024.wav,1,positive_ai_augmented,C:\Dev\wakeword\data\positive_ai\positive_00015.wav,0,372.29,257.45,-43.68,3.62,16.67,true,0.1163,97.88,negative_real,328.56
data\positive_ai_augmented\positive_ai_augmented_00025.wav,1,positive_ai_augmented,C:\Dev\wakeword\data\positive_ai\positive_00015.wav,1,120.78,469.94,-96.21,5.67,15.59,false,0.0,0.0,negative_real,100.0
data\positive_ai_augmented\positive_ai_augmented_00026.wav,1,positive_ai_augmented,C:\Dev\wakeword\data\positive_ai\positive_00015.wav,2,356.99,411.6,-87.71,3.72,7.7,false,0.0,0.0,negative_real,269.25
data\positive_ai_augmented\positive_ai_augmented_00027.wav,1,positive_ai_augmented,C:\Dev\wakeword\data\positive_ai\positive_00017.wav,0,355.83,206.59,-86.46,-6.28,16.97,true,0.1533,112.4,negative_real,269.31
data\positive_ai_augmented\positive_ai_augmented_00028.wav,1,positive_ai_augmented,C:\Dev\wakeword\data\positive_ai\positive_00017.wav,1,361.03,421.76,7.85,1.76,2.75,true,0.219,197.72,negative_real,368.88
data\positive_ai_augmented\positive_ai_augmented_00029.wav,1,positive_ai_augmented,C:\Dev\wakeword\data\positive_ai\positive_00017.wav,2,483.55,420.35,22.48,5.14,9.84,true,0.198,75.21,negative_real,506.0
data\positive_ai_augmented\positive_ai_augmented_00030.wav,1,positive_ai_augmented,C:\Dev\wakeword\data\positive_ai\positive_00018.wav,0,339.84,472.49,-91.26,-8.6,,false,0.0,0.0,silence,248.56
data\positive_ai_augmented\positive_ai_augmented_00031.wav,1,positive_ai_augmented,C:\Dev\wakeword\data\positive_ai\positive_00018.wav,1,409.73,368.49,-39.93,-5.67,14.36,true,0.1429,85.22,negative_real,369.75
data\positive_ai_augmented\positive_ai_augmented_00032.wav,1,positive_ai_augmented,C:\Dev\wakeword\data\positive_ai\positive_00018.wav,2,480.48,147.39,84.13,-0.59,0.25,false,0.0,0.0,negative_real,564.56
data\positive_ai_augmented\positive_ai_augmented_00033.wav,1,positive_ai_augmented,C:\Dev\wakeword\data\positive_ai\positive_00021.wav,0,281.73,430.16,-49.11,-5.17,15.63,false,0.0,0.0,negative_real,232.56
data\positive_ai_augmented\positive_ai_augmented_00034.wav,1,positive_ai_augmented,C:\Dev\wakeword\data\positive_ai\positive_00021.wav,1,144.24,498.81,91.01,-8.3,13.31,false,0.0,0.0,negative_real,235.19
data\positive_ai_augmented\positive_ai_augmented_00035.wav,1,positive_ai_augmented,C:\Dev\wakeword\data\positive_ai\positive_00021.wav,2,360.05,136.18,95.29,-6.15,,true,0.2354,91.71,silence,455.31
data\positive_ai_augmented\positive_ai_augmented_00036.wav,1,positive_ai_augmented,C:\Dev\wakeword\data\positive_ai\positive_00024.wav,0,420.59,195.42,83.86,2.82,,false,0.0,0.0,silence,504.44
data\positive_ai_augmented\positive_ai_augmented_00037.wav,1,positive_ai_augmented,C:\Dev\wakeword\data\positive_ai\positive_00024.wav,1,379.25,435.19,-110.36,-8.0,,false,0.0,0.0,silence,268.88
data\positive_ai_augmented\positive_ai_augmented_00038.wav,1,positive_ai_augmented,C:\Dev\wakeword\data\positive_ai\positive_00024.wav,2,352.0,440.45,-82.75,-5.67,19.6,false,0.0,0.0,negative_real,269.25
data\positive_ai_augmented\positive_ai_augmented_00039.wav,1,positive_ai_augmented,C:\Dev\wakeword\data\positive_ai\positive_00025.wav,0,344.62,121.8,27.91,4.15,,false,0.0,0.0,silence,372.5
data\positive_ai_augmented\positive_ai_augmented_00040.wav,1,positive_ai_augmented,C:\Dev\wakeword\data\positive_ai\positive_00025.wav,1,136.69,173.41,115.21,0.18,2.9,false,0.0,0.0,negative_real,251.88
data\positive_ai_augmented\positive_ai_augmented_00041.wav,1,positive_ai_augmented,C:\Dev\wakeword\data\positive_ai\positive_00025.wav,2,478.41,220.54,18.72,5.05,11.77,true,0.1817,124.65,negative_real,497.12
data\positive_ai_augmented\positive_ai_augmented_00042.wav,1,positive_ai_augmented,C:\Dev\wakeword\data\positive_ai\positive_00029.wav,0,226.82,114.42,-19.58,-0.84,14.04,false,0.0,0.0,negative_real,207.19
data\positive_ai_augmented\positive_ai_augmented_00043.wav,1,positive_ai_augmented,C:\Dev\wakeword\data\positive_ai\positive_00029.wav,1,359.18,360.97,-44.11,-3.1,7.21,false,0.0,0.0,negative_real,315.06
data\positive_ai_augmented\positive_ai_augmented_00044.wav,1,positive_ai_augmented,C:\Dev\wakeword\data\positive_ai\positive_00029.wav,2,305.1,394.68,92.74,-1.68,6.29,false,0.0,0.0,negative_real,397.81
data\positive_ai_augmented\positive_ai_augmented_00045.wav,1,positive_ai_augmented,C:\Dev\wakeword\data\positive_ai\positive_00032.wav,0,434.95,297.66,-92.19,3.47,,true,0.1361,113.46,silence,342.75
data\positive_ai_augmented\positive_ai_augmented_00046.wav,1,positive_ai_augmented,C:\Dev\wakeword\data\positive_ai\positive_00032.wav,1,147.87,245.97,110.02,-5.02,14.11,false,0.0,0.0,negative_real,257.88
data\positive_ai_augmented\positive_ai_augmented_00047.wav,1,positive_ai_augmented,C:\Dev\wakeword\data\positive_ai\positive_00032.wav,2,255.14,356.36,-117.43,-1.6,,true,0.1132,193.81,silence,137.69
data\positive_ai_augmented\positive_ai_augmented_00048.wav,1,positive_ai_augmented,C:\Dev\wakeword\data\positive_ai\positive_00035.wav,0,172.37,462.84,-109.28,-5.33,,false,0.0,0.0,silence,100.0
data\positive_ai_augmented\positive_ai_augmented_00049.wav,1,positive_ai_augmented,C:\Dev\wakeword\data\positive_ai\positive_00035.wav,1,297.32,133.65,-61.52,0.39,15.26,false,0.0,0.0,negative_real,235.75
data\positive_ai_augmented\positive_ai_augmented_00050.wav,1,positive_ai_augmented,C:\Dev\wakeword\data\positive_ai\positive_00035.wav,2,123.24,246.64,9.49,-2.28,17.04,false,0.0,0.0,negative_real,132.69
data\positive_ai_augmented\positive_ai_augmented_00051.wav,1,positive_ai_augmented,C:\Dev\wakeword\data\positive_ai\positive_00036.wav,0,301.92,463.82,20.91,-2.02,2.1,false,0.0,0.0,negative_real,296.19
data\positive_ai_augmented\positive_ai_augmented_00052.wav,1,positive_ai_augmented,C:\Dev\wakeword\data\positive_ai\positive_00036.wav,1,259.42,466.94,31.4,-4.58,,true,0.085,208.39,silence,290.81
data\positive_ai_augmented\positive_ai_augmented_00053.wav,1,positive_ai_augmented,C:\Dev\wakeword\data\positive_ai\positive_00036.wav,2,461.33,388.28,111.17,-8.17,8.8,false,0.0,0.0,negative_real,371.75
data\positive_ai_augmented\positive_ai_augmented_00054.wav,1,positive_ai_augmented,C:\Dev\wakeword\data\positive_ai\positive_00037.wav,0,321.24,361.64,112.76,1.74,6.93,false,0.0,0.0,negative_real,433.94
data\positive_ai_augmented\positive_ai_augmented_00055.wav,1,positive_ai_augmented,C:\Dev\wakeword\data\positive_ai\positive_00037.wav,1,149.55,116.38,66.56,-2.56,8.23,false,0.0,0.0,negative_real,216.06
data\positive_ai_augmented\positive_ai_augmented_00056.wav,1,positive_ai_augmented,C:\Dev\wakeword\data\positive_ai\positive_00037.wav,2,417.47,133.93,13.31,3.16,0.09,true,0.1545,67.79,negative_real,430.75
data\positive_ai_augmented\positive_ai_augmented_00057.wav,1,positive_ai_augmented,C:\Dev\wakeword\data\positive_ai\positive_00042.wav,0,305.85,370.91,-112.89,0.75,19.97,true,0.2506,115.69,negative_real,192.94
data\positive_ai_augmented\positive_ai_augmented_00058.wav,1,positive_ai_augmented,C:\Dev\wakeword\data\positive_ai\positive_00042.wav,1,218.54,263.18,-87.16,1.21,7.85,false,0.0,0.0,negative_real,131.38
data\positive_ai_augmented\positive_ai_augmented_00059.wav,1,positive_ai_augmented,C:\Dev\wakeword\data\positive_ai\positive_00042.wav,2,466.12,298.77,-87.75,-6.77,5.69,true,0.1707,161.53,negative_real,378.31
data\positive_ai_augmented\positive_ai_augmented_00060.wav,1,positive_ai_augmented,C:\Dev\wakeword\data\positive_ai\positive_00043.wav,0,458.8,194.04,-41.92,1.88,13.07,false,0.0,0.0,negative_real,416.88
data\positive_ai_augmented\positive_ai_augmented_00061.wav,1,positive_ai_augmented,C:\Dev\wakeword\data\positive_ai\positive_00043.wav,1,219.75,196.55,-42.6,3.99,,true,0.1923,186.72,silence,177.12
data\positive_ai_augmented\positive_ai_augmented_00062.wav,1,positive_ai_augmented,C:\Dev\wakeword\data\positive_ai\positive_00043.wav,2,324.87,140.76,36.7,-3.07,7.69,true,0.272,76.48,negative_real,361.56
data\positive_ai_augmented\positive_ai_augmented_00063.wav,1,positive_ai_augmented,C:\Dev\wakeword\data\positive_ai\positive_00047.wav,0,124.21,379.28,-70.32,-3.33,16.82,true,0.1024,198.04,negative_real,100.0
data\positive_ai_augmented\positive_ai_augmented_00064.wav,1,positive_ai_augmented,C:\Dev\wakeword\data\positive_ai\positive_00047.wav,1,204.14,229.0,-61.8,-6.35,0.63,true,0.2661,67.77,negative_real,142.31
data\positive_ai_augmented\positive_ai_augmented_00065.wav,1,positive_ai_augmented,C:\Dev\wakeword\data\positive_ai\positive_00047.wav,2,144.25,348.06,-62.01,3.59,7.23,true,0.2507,159.06,negative_real,100.0
data\positive_ai_augmented\positive_ai_augmented_00066.wav,1,positive_ai_augmented,C:\Dev\wakeword\data\positive_ai\positive_00049.wav,0,425.26,227.36,71.81,-3.38,2.87,true,0.0956,64.77,negative_real,472.69
data\positive_ai_augmented\positive_ai_augmented_00067.wav,1,positive_ai_augmented,C:\Dev\wakeword\data\positive_ai\positive_00049.wav,1,377.24,169.18,1.75,-9.73,11.69,false,0.0,0.0,negative_real,378.94
data\positive_ai_augmented\positive_ai_augmented_00068.wav,1,positive_ai_augmented,C:\Dev\wakeword\data\positive_ai\positive_00049.wav,2,150.76,458.92,91.29,-5.63,7.92,true,0.1989,107.16,negative_real,241.12
data\positive_ai_augmented\positive_ai_augmented_00069.wav,1,positive_ai_augmented,C:\Dev\wakeword\data\positive_ai\positive_00051.wav,0,371.05,390.31,16.07,-3.29,0.25,false,0.0,0.0,negative_real,387.06
data\positive_ai_augmented\positive_ai_augmented_00070.wav,1,positive_ai_augmented,C:\Dev\wakeword\data\positive_ai\positive_00051.wav,1,418.41,308.09,-22.09,4.23,,true,0.2165,83.9,silence,396.31
data\positive_ai_augmented\positive_ai_augmented_00071.wav,1,positive_ai_augmented,C:\Dev\wakeword\data\positive_ai\positive_00051.wav,2,451.35,251.62,4.08,2.53,2.09,false,0.0,0.0,negative_real,455.38
data\positive_ai_augmented\positive_ai_augmented_00072.wav,1,positive_ai_augmented,C:\Dev\wakeword\data\positive_ai\positive_00052.wav,0,461.59,446.23,71.54,-6.73,,false,0.0,0.0,silence,533.12
data\positive_ai_augmented\positive_ai_augmented_00073.wav,1,positive_ai_augmented,C:\Dev\wakeword\data\positive_ai\positive_00052.wav,1,491.69,250.86,52.64,-4.89,11.62,false,0.0,0.0,negative_real,544.31
data\positive_ai_augmented\positive_ai_augmented_00074.wav,1,positive_ai_augmented,C:\Dev\wakeword\data\positive_ai\positive_00052.wav,2,263.66,340.71,104.49,-3.96,15.07,true,0.1062,86.06,negative_real,368.12
data\positive_ai_augmented\positive_ai_augmented_00075.wav,1,positive_ai_augmented,C:\Dev\wakeword\data\positive_ai\positive_00055.wav,0,452.41,211.25,-71.5,-1.65,,false,0.0,0.0,silence,380.88
data\positive_ai_augmented\positive_ai_augmented_00076.wav,1,positive_ai_augmented,C:\Dev\wakeword\data\positive_ai\positive_00055.wav,1,118.07,292.6,110.24,-8.23,11.06,true,0.139,182.37,negative_real,228.25
data\positive_ai_augmented\positive_ai_augmented_00077.wav,1,positive_ai_augmented,C:\Dev\wakeword\data\positive_ai\positive_00055.wav,2,138.79,438.32,28.02,-5.95,15.45,true,0.2504,153.48,negative_real,166.81
data\positive_ai_augmented\positive_ai_augmented_00078.wav,1,positive_ai_augmented,C:\Dev\wakeword\data\positive_ai\positive_00059.wav,0,182.73,476.62,-91.04,-5.77,3.59,false,0.0,0.0,negative_real,100.0
data\positive_ai_augmented\positive_ai_augmented_00079.wav,1,positive_ai_augmented,C:\Dev\wakeword\data\positive_ai\positive_00059.wav,1,265.43,279.94,-61.14,3.99,2.51,true,0.1862,99.75,negative_real,204.25
data\positive_ai_augmented\positive_ai_augmented_00080.wav,1,positive_ai_augmented,C:\Dev\wakeword\data\positive_ai\positive_00059.wav,2,480.9,292.81,108.77,-1.13,,true,0.1306,64.81,silence,589.62
data\positive_ai_augmented\positive_ai_augmented_00081.wav,1,positive_ai_augmented,C:\Dev\wakeword\data\positive_ai\positive_00060.wav,0,427.32,396.65,-7.5,4.73,,true,0.09,114.78,silence,403.38
data\positive_ai_augmented\positive_ai_augmented_00082.wav,1,positive_ai_augmented,C:\Dev\wakeword\data\positive_ai\positive_00060.wav,1,497.35,212.36,-105.1,-7.56,7.86,false,0.0,0.0,negative_real,392.19
data\positive_ai_augmented\positive_ai_augmented_00083.wav,1,positive_ai_augmented,C:\Dev\wakeword\data\positive_ai\positive_00060.wav,2,468.74,227.66,54.28,-0.4,19.0,false,0.0,0.0,negative_real,523.0
data\positive_ai_augmented\positive_ai_augmented_00084.wav,1,positive_ai_augmented,C:\Dev\wakeword\data\positive_ai\positive_00062.wav,0,237.09,170.89,42.74,-2.81,14.99,false,0.0,0.0,negative_real,279.81
data\positive_ai_augmented\positive_ai_augmented_00085.wav,1,positive_ai_augmented,C:\Dev\wakeword\data\positive_ai\positive_00062.wav,1,496.72,312.57,38.4,-4.14,8.06,false,0.0,0.0,negative_real,427.44
data\positive_ai_augmented\positive_ai_augmented_00086.wav,1,positive_ai_augmented,C:\Dev\wakeword\data\positive_ai\positive_00062.wav,2,324.73,387.91,2.14,0.35,15.56,true,0.1616,130.41,negative_real,326.81
data\positive_ai_augmented\positive_ai_augmented_00087.wav,1,positive_ai_augmented,C:\Dev\wakeword\data\positive_ai\positive_00063.wav,0,444.25,198.67,40.28,-5.6,,true,0.1367,167.96,silence,484.5
data\positive_ai_augmented\positive_ai_augmented_00088.wav,1,positive_ai_augmented,C:\Dev\wakeword\data\positive_ai\positive_00063.wav,1,350.19,228.2,114.27,-9.63,17.5,false,0.0,0.0,negative_real,464.44
data\positive_ai_augmented\positive_ai_augmented_00089.wav,1,positive_ai_augmented,C:\Dev\wakeword\data\positive_ai\positive_00063.wav,2,344.09,277.58,104.62,-1.29,12.64,false,0.0,0.0,negative_real,448.69
data\positive_ai_augmented\positive_ai_augmented_00090.wav,1,positive_ai_augmented,C:\Dev\wakeword\data\positive_ai\positive_00064.wav,0,233.64,197.68,99.04,5.65,15.29,false,0.0,0.0,negative_real,332.62
data\positive_ai_augmented\positive_ai_augmented_00091.wav,1,positive_ai_augmented,C:\Dev\wakeword\data\positive_ai\positive_00064.wav,1,405.04,292.24,-10.45,0.32,,true,0.1316,153.75,silence,394.56
data\positive_ai_augmented\positive_ai_augmented_00092.wav,1,positive_ai_augmented,C:\Dev\wakeword\data\positive_ai\positive_00064.wav,2,435.67,155.33,65.84,-3.76,,false,0.0,0.0,silence,501.5
data\positive_ai_augmented\positive_ai_augmented_00093.wav,1,positive_ai_augmented,C:\Dev\wakeword\data\positive_ai\positive_00067.wav,0,161.59,269.12,28.72,-8.89,19.99,true,0.2381,103.3,negative_real,190.25
data\positive_ai_augmented\positive_ai_augmented_00094.wav,1,positive_ai_augmented,C:\Dev\wakeword\data\positive_ai\positive_00067.wav,1,306.58,138.08,54.68,-2.62,1.03,false,0.0,0.0,negative_real,361.25
data\positive_ai_augmented\positive_ai_augmented_00095.wav,1,positive_ai_augmented,C:\Dev\wakeword\data\positive_ai\positive_00067.wav,2,368.91,241.34,68.99,-3.33,15.49,true,0.2298,188.22,negative_real,437.88
data\positive_ai_augmented\positive_ai_augmented_00096.wav,1,positive_ai_augmented,C:\Dev\wakeword\data\positive_ai\positive_00068.wav,0,113.94,360.9,77.55,-7.65,,false,0.0,0.0,silence,191.44
data\positive_ai_augmented\positive_ai_augmented_00097.wav,1,positive_ai_augmented,C:\Dev\wakeword\data\positive_ai\positive_00068.wav,1,315.58,427.68,-97.74,-5.88,10.08,false,0.0,0.0,negative_real,217.81
data\positive_ai_augmented\positive_ai_augmented_00098.wav,1,positive_ai_augmented,C:\Dev\wakeword\data\positive_ai\positive_00068.wav,2,400.11,285.87,-31.7,-6.67,,false,0.0,0.0,silence,368.38
data\positive_ai_augmented\positive_ai_augmented_00099.wav,1,positive_ai_augmented,C:\Dev\wakeword\data\positive_ai\positive_00072.wav,0,134.39,170.52,-77.92,5.85,13.12,true,0.2107,131.8,negative_real,100.0
data\positive_ai_augmented\positive_ai_augmented_00100.wav,1,positive_ai_augmented,C:\Dev\wakeword\data\positive_ai\positive_00072.wav,1,215.63,393.89,15.94,1.37,5.41,true,0.0899,156.25,negative_real,231.56
data\positive_ai_augmented\positive_ai_augmented_00101.wav,1,positive_ai_augmented,C:\Dev\wakeword\data\positive_ai\positive_00072.wav,2,308.77,225.9,15.38,-9.98,1.19,true,0.2589,163.41,negative_real,324.12
data\positive_ai_augmented\positive_ai_augmented_00102.wav,1,positive_ai_augmented,C:\Dev\wakeword\data\positive_ai\positive_00074.wav,0,186.07,334.31,-73.08,-8.41,5.3,true,0.1645,88.18,negative_real,112.94
data\positive_ai_augmented\positive_ai_augmented_00103.wav,1,positive_ai_augmented,C:\Dev\wakeword\data\positive_ai\positive_00074.wav,1,344.19,182.16,93.21,-8.28,0.88,true,0.2039,79.52,negative_real,437.38
data\positive_ai_augmented\positive_ai_augmented_00104.wav,1,positive_ai_augmented,C:\Dev\wakeword\data\positive_ai\positive_00074.wav,2,260.51,229.57,107.67,-7.27,9.97,false,0.0,0.0,negative_real,368.12
data\positive_ai_augmented\positive_ai_augmented_00105.wav,1,positive_ai_augmented,C:\Dev\wakeword\data\positive_ai\positive_00075.wav,0,297.47,488.35,-28.62,-7.95,9.02,true,0.1186,76.53,negative_real,268.81
data\positive_ai_augmented\positive_ai_augmented_00106.wav,1,positive_ai_augmented,C:\Dev\wakeword\data\positive_ai\positive_00075.wav,1,327.17,284.73,38.1,-4.47,16.54,true,0.0989,86.57,negative_real,365.25
data\positive_ai_augmented\positive_ai_augmented_00107.wav,1,positive_ai_augmented,C:\Dev\wakeword\data\positive_ai\positive_00075.wav,2,471.0,338.96,40.55,5.13,,true,0.2648,152.64,silence,511.5
data\positive_ai_augmented\positive_ai_augmented_00108.wav,1,positive_ai_augmented,C:\Dev\wakeword\data\positive_ai\positive_00076.wav,0,451.51,249.22,15.62,2.4,10.73,false,0.0,0.0,negative_real,467.06
data\positive_ai_augmented\positive_ai_augmented_00109.wav,1,positive_ai_augmented,C:\Dev\wakeword\data\positive_ai\positive_00076.wav,1,486.17,485.43,85.35,-0.49,,false,0.0,0.0,silence,571.5
data\positive_ai_augmented\positive_ai_augmented_00110.wav,1,positive_ai_augmented,C:\Dev\wakeword\data\positive_ai\positive_00076.wav,2,140.44,424.39,-4.38,-0.28,7.4,false,0.0,0.0,negative_real,136.06
data\positive_ai_augmented\positive_ai_augmented_00111.wav,1,positive_ai_augmented,C:\Dev\wakeword\data\positive_ai\positive_00082.wav,0,267.05,147.36,70.74,-5.14,0.48,false,0.0,0.0,negative_real,337.75
data\positive_ai_augmented\positive_ai_augmented_00112.wav,1,positive_ai_augmented,C:\Dev\wakeword\data\positive_ai\positive_00082.wav,1,308.18,285.47,45.63,0.69,,true,0.2037,66.42,silence,353.81
data\positive_ai_augmented\positive_ai_augmented_00113.wav,1,positive_ai_augmented,C:\Dev\wakeword\data\positive_ai\positive_00082.wav,2,423.59,489.77,-100.62,0.15,8.62,false,0.0,0.0,negative_real,322.94
data\positive_ai_augmented\positive_ai_augmented_00114.wav,1,positive_ai_augmented,C:\Dev\wakeword\data\positive_ai\positive_00083.wav,0,114.36,313.84,118.45,1.29,18.31,true,0.2606,67.22,negative_real,232.75
data\positive_ai_augmented\positive_ai_augmented_00115.wav,1,positive_ai_augmented,C:\Dev\wakeword\data\positive_ai\positive_00083.wav,1,326.98,258.89,-13.2,5.5,,true,0.1179,105.77,silence,313.75
data\positive_ai_augmented\positive_ai_augmented_00116.wav,1,positive_ai_augmented,C:\Dev\wakeword\data\positive_ai\positive_00083.wav,2,436.86,477.35,-89.54,-1.3,19.44,false,0.0,0.0,negative_real,347.31
data\positive_ai_augmented\positive_ai_augmented_00117.wav,1,positive_ai_augmented,C:\Dev\wakeword\data\positive_ai\positive_00085.wav,0,381.94,293.18,-10.46,-3.74,19.51,true,0.0955,184.78,negative_real,371.44
data\positive_ai_augmented\positive_ai_augmented_00118.wav,1,positive_ai_augmented,C:\Dev\wakeword\data\positive_ai\positive_00085.wav,1,187.48,306.3,104.68,-9.21,16.01,true,0.0927,91.22,negative_real,292.12
data\positive_ai_augmented\positive_ai_augmented_00119.wav,1,positive_ai_augmented,C:\Dev\wakeword\data\positive_ai\positive_00085.wav,2,347.12,445.65,107.72,-6.39,18.91,false,0.0,0.0,negative_real,454.81
data\positive_ai_augmented\positive_ai_augmented_00120.wav,1,positive_ai_augmented,C:\Dev\wakeword\data\positive_ai\positive_00086.wav,0,251.32,408.31,9.71,-4.87,,false,0.0,0.0,silence,261.0
data\positive_ai_augmented\positive_ai_augmented_00121.wav,1,positive_ai_augmented,C:\Dev\wakeword\data\positive_ai\positive_00086.wav,1,273.9,191.46,53.26,4.99,,true,0.1015,139.62,silence,327.12
data\positive_ai_augmented\positive_ai_augmented_00122.wav,1,positive_ai_augmented,C:\Dev\wakeword\data\positive_ai\positive_00086.wav,2,191.19,355.04,-107.8,4.35,1.21,false,0.0,0.0,negative_real,100.0
data\positive_ai_augmented\positive_ai_augmented_00123.wav,1,positive_ai_augmented,C:\Dev\wakeword\data\positive_ai\positive_00087.wav,0,428.89,359.27,67.62,3.7,6.95,false,0.0,0.0,negative_real,496.5
data\positive_ai_augmented\positive_ai_augmented_00124.wav,1,positive_ai_augmented,C:\Dev\wakeword\data\positive_ai\positive_00087.wav,1,365.01,368.74,110.54,2.99,14.73,false,0.0,0.0,negative_real,475.5
data\positive_ai_augmented\positive_ai_augmented_00125.wav,1,positive_ai_augmented,C:\Dev\wakeword\data\positive_ai\positive_00087.wav,2,283.88,186.2,58.85,-6.82,,false,0.0,0.0,silence,342.69
data\positive_ai_augmented\positive_ai_augmented_00126.wav,1,positive_ai_augmented,C:\Dev\wakeword\data\positive_ai\positive_00089.wav,0,457.88,209.03,-93.43,-6.84,14.1,true,0.1859,201.25,negative_real,364.44
data\positive_ai_augmented\positive_ai_augmented_00127.wav,1,positive_ai_augmented,C:\Dev\wakeword\data\positive_ai\positive_00089.wav,1,127.97,292.45,67.73,-2.83,4.82,false,0.0,0.0,negative_real,195.69
data\positive_ai_augmented\positive_ai_augmented_00128.wav,1,positive_ai_augmented,C:\Dev\wakeword\data\positive_ai\positive_00089.wav,2,244.32,170.54,-7.8,2.03,9.96,true,0.1346,80.94,negative_real,236.5
data\positive_ai_augmented\positive_ai_augmented_00129.wav,1,positive_ai_augmented,C:\Dev\wakeword\data\positive_ai\positive_00090.wav,0,357.2,446.87,119.72,4.54,9.22,false,0.0,0.0,negative_real,113.19
data\positive_ai_augmented\positive_ai_augmented_00130.wav,1,positive_ai_augmented,C:\Dev\wakeword\data\positive_ai\positive_00090.wav,1,132.46,106.32,-5.47,-0.91,16.73,false,0.0,0.0,negative_real,126.94
data\positive_ai_augmented\positive_ai_augmented_00131.wav,1,positive_ai_augmented,C:\Dev\wakeword\data\positive_ai\positive_00090.wav,2,143.46,190.07,70.32,3.97,6.29,false,0.0,0.0,negative_real,213.75
data\positive_ai_augmented\positive_ai_augmented_00132.wav,1,positive_ai_augmented,C:\Dev\wakeword\data\positive_ai\positive_00091.wav,0,260.66,207.23,25.51,-1.09,2.8,true,0.114,91.23,negative_real,286.12
data\positive_ai_augmented\positive_ai_augmented_00133.wav,1,positive_ai_augmented,C:\Dev\wakeword\data\positive_ai\positive_00091.wav,1,371.08,425.79,-63.54,-5.77,8.65,false,0.0,0.0,negative_real,307.5
data\positive_ai_augmented\positive_ai_augmented_00134.wav,1,positive_ai_augmented,C:\Dev\wakeword\data\positive_ai\positive_00091.wav,2,201.21,410.32,65.24,-6.59,9.59,true,0.1942,219.05,negative_real,266.44
data\positive_ai_augmented\positive_ai_augmented_00135.wav,1,positive_ai_augmented,C:\Dev\wakeword\data\positive_ai\positive_00095.wav,0,444.73,356.9,45.7,-3.55,4.92,false,0.0,0.0,negative_real,490.38
data\positive_ai_augmented\positive_ai_augmented_00136.wav,1,positive_ai_augmented,C:\Dev\wakeword\data\positive_ai\positive_00095.wav,1,391.93,401.83,-96.53,-7.03,5.79,false,0.0,0.0,negative_real,295.38
data\positive_ai_augmented\positive_ai_augmented_00137.wav,1,positive_ai_augmented,C:\Dev\wakeword\data\positive_ai\positive_00095.wav,2,418.42,463.04,72.65,-5.92,15.66,true,0.2688,124.33,negative_real,491.06
data\positive_ai_augmented\positive_ai_augmented_00138.wav,1,positive_ai_augmented,C:\Dev\wakeword\data\positive_ai\positive_00096.wav,0,184.37,466.96,84.24,-9.19,6.12,false,0.0,0.0,negative_real,268.56
data\positive_ai_augmented\positive_ai_augmented_00139.wav,1,positive_ai_augmented,C:\Dev\wakeword\data\positive_ai\positive_00096.wav,1,347.57,403.99,-89.21,1.65,17.53,false,0.0,0.0,negative_real,258.31
data\positive_ai_augmented\positive_ai_augmented_00140.wav,1,positive_ai_augmented,C:\Dev\wakeword\data\positive_ai\positive_00096.wav,2,310.98,397.91,76.92,-8.11,3.77,true,0.1806,140.84,negative_real,387.88
data\positive_ai_augmented\positive_ai_augmented_00141.wav,1,positive_ai_augmented,C:\Dev\wakeword\data\positive_ai\positive_00098.wav,0,418.09,484.25,53.24,-4.37,9.48,false,0.0,0.0,negative_real,435.75
data\positive_ai_augmented\positive_ai_augmented_00142.wav,1,positive_ai_augmented,C:\Dev\wakeword\data\positive_ai\positive_00098.wav,1,494.65,137.52,-21.03,2.6,9.91,true,0.276,201.36,negative_real,473.56
data\positive_ai_augmented\positive_ai_augmented_00143.wav,1,positive_ai_augmented,C:\Dev\wakeword\data\positive_ai\positive_00098.wav,2,122.08,239.31,87.62,-3.66,,false,0.0,0.0,silence,209.69
data\positive_ai_augmented\positive_ai_augmented_00144.wav,1,positive_ai_augmented,C:\Dev\wakeword\data\positive_ai\positive_00101.wav,0,399.88,203.05,87.99,-6.55,15.59,false,0.0,0.0,negative_real,487.81
data\positive_ai_augmented\positive_ai_augmented_00145.wav,1,positive_ai_augmented,C:\Dev\wakeword\data\positive_ai\positive_00101.wav,1,198.28,192.3,-113.48,0.17,10.63,false,0.0,0.0,negative_real,100.0
data\positive_ai_augmented\positive_ai_augmented_00146.wav,1,positive_ai_augmented,C:\Dev\wakeword\data\positive_ai\positive_00101.wav,2,290.45,279.81,33.71,4.21,,false,0.0,0.0,silence,324.12
data\positive_ai_augmented\positive_ai_augmented_00147.wav,1,positive_ai_augmented,C:\Dev\wakeword\data\positive_ai\positive_00102.wav,0,331.44,156.41,113.36,-4.69,10.44,true,0.1224,74.4,negative_real,444.75
data\positive_ai_augmented\positive_ai_augmented_00148.wav,1,positive_ai_augmented,C:\Dev\wakeword\data\positive_ai\positive_00102.wav,1,385.1,278.96,-36.94,2.75,15.3,true,0.1107,99.42,negative_real,348.12
data\positive_ai_augmented\positive_ai_augmented_00149.wav,1,positive_ai_augmented,C:\Dev\wakeword\data\positive_ai\positive_00102.wav,2,223.07,186.65,45.34,-0.9,1.48,true,0.1909,159.5,negative_real,268.38
data\positive_ai_augmented\positive_ai_augmented_00150.wav,1,positive_ai_augmented,C:\Dev\wakeword\data\positive_ai\positive_00103.wav,0,278.74,263.61,-99.19,-2.94,,false,0.0,0.0,silence,179.5
data\positive_ai_augmented\positive_ai_augmented_00151.wav,1,positive_ai_augmented,C:\Dev\wakeword\data\positive_ai\positive_00103.wav,1,431.9,318.32,62.5,-0.08,9.84,false,0.0,0.0,negative_real,494.38
data\positive_ai_augmented\positive_ai_augmented_00152.wav,1,positive_ai_augmented,C:\Dev\wakeword\data\positive_ai\positive_00103.wav,2,311.46,340.8,57.0,-1.75,,false,0.0,0.0,silence,368.44
data\positive_ai_augmented\positive_ai_augmented_00153.wav,1,positive_ai_augmented,C:\Dev\wakeword\data\positive_ai\positive_00106.wav,0,297.4,287.33,110.93,-6.53,12.53,true,0.0801,129.11,negative_real,408.31
data\positive_ai_augmented\positive_ai_augmented_00154.wav,1,positive_ai_augmented,C:\Dev\wakeword\data\positive_ai\positive_00106.wav,1,230.5,356.62,-21.06,4.49,15.12,false,0.0,0.0,negative_real,209.38
data\positive_ai_augmented\positive_ai_augmented_00155.wav,1,positive_ai_augmented,C:\Dev\wakeword\data\positive_ai\positive_00106.wav,2,439.89,499.53,-66.25,-5.79,19.87,false,0.0,0.0,negative_real,373.62
data\positive_ai_augmented\positive_ai_augmented_00156.wav,1,positive_ai_augmented,C:\Dev\wakeword\data\positive_ai\positive_00108.wav,0,496.11,310.71,33.37,-6.74,16.66,false,0.0,0.0,negative_real,529.44
data\positive_ai_augmented\positive_ai_augmented_00157.wav,1,positive_ai_augmented,C:\Dev\wakeword\data\positive_ai\positive_00108.wav,1,221.28,275.92,116.55,2.78,4.56,true,0.1442,147.57,negative_real,337.81
data\positive_ai_augmented\positive_ai_augmented_00158.wav,1,positive_ai_augmented,C:\Dev\wakeword\data\positive_ai\positive_00108.wav,2,403.74,321.59,-114.92,0.49,8.89,true,0.093,68.79,negative_real,288.81
data\positive_ai_augmented\positive_ai_augmented_00159.wav,1,positive_ai_augmented,C:\Dev\wakeword\data\positive_ai\positive_00109.wav,0,277.14,128.72,72.66,-7.14,10.99,false,0.0,0.0,negative_real,349.75
data\positive_ai_augmented\positive_ai_augmented_00160.wav,1,positive_ai_augmented,C:\Dev\wakeword\data\positive_ai\positive_00109.wav,1,160.02,181.12,38.4,5.25,6.01,false,0.0,0.0,negative_real,198.38
data\positive_ai_augmented\positive_ai_augmented_00161.wav,1,positive_ai_augmented,C:\Dev\wakeword\data\positive_ai\positive_00109.wav,2,290.89,243.87,-66.14,-4.36,,false,0.0,0.0,silence,224.75
data\positive_ai_augmented\positive_ai_augmented_00162.wav,1,positive_ai_augmented,C:\Dev\wakeword\data\positive_ai\positive_00110.wav,0,275.67,357.6,26.5,1.39,18.5,true,0.175,156.54,negative_real,302.12
data\positive_ai_augmented\positive_ai_augmented_00163.wav,1,positive_ai_augmented,C:\Dev\wakeword\data\positive_ai\positive_00110.wav,1,480.77,104.82,63.12,5.53,1.56,false,0.0,0.0,negative_real,543.88
data\positive_ai_augmented\positive_ai_augmented_00164.wav,1,positive_ai_augmented,C:\Dev\wakeword\data\positive_ai\positive_00110.wav,2,439.92,345.53,27.54,-7.54,1.5,false,0.0,0.0,negative_real,467.44
data\positive_ai_augmented\positive_ai_augmented_00165.wav,1,positive_ai_augmented,C:\Dev\wakeword\data\positive_ai\positive_00112.wav,0,391.91,439.59,-6.61,5.51,7.38,false,0.0,0.0,negative_real,385.25
data\positive_ai_augmented\positive_ai_augmented_00166.wav,1,positive_ai_augmented,C:\Dev\wakeword\data\positive_ai\positive_00112.wav,1,169.92,187.83,-8.66,-6.56,7.56,false,0.0,0.0,negative_real,161.25
data\positive_ai_augmented\positive_ai_augmented_00167.wav,1,positive_ai_augmented,C:\Dev\wakeword\data\positive_ai\positive_00112.wav,2,440.69,196.68,28.48,1.09,3.01,false,0.0,0.0,negative_real,469.12
data\positive_ai_augmented\positive_ai_augmented_00168.wav,1,positive_ai_augmented,C:\Dev\wakeword\data\positive_ai\positive_00114.wav,0,135.36,369.68,-38.46,-2.4,,false,0.0,0.0,silence,100.0
data\positive_ai_augmented\positive_ai_augmented_00169.wav,1,positive_ai_augmented,C:\Dev\wakeword\data\positive_ai\positive_00114.wav,1,234.02,438.28,4.82,5.25,2.32,false,0.0,0.0,negative_real,238.81
data\positive_ai_augmented\positive_ai_augmented_00170.wav,1,positive_ai_augmented,C:\Dev\wakeword\data\positive_ai\positive_00114.wav,2,454.04,295.71,-86.01,1.0,,true,0.1373,82.37,silence,368.0
data\positive_ai_augmented\positive_ai_augmented_00171.wav,1,positive_ai_augmented,C:\Dev\wakeword\data\positive_ai\positive_00116.wav,0,105.51,199.32,-10.43,-3.95,11.87,false,0.0,0.0,negative_real,100.0
data\positive_ai_augmented\positive_ai_augmented_00172.wav,1,positive_ai_augmented,C:\Dev\wakeword\data\positive_ai\positive_00116.wav,1,108.73,306.05,-37.24,2.53,0.45,false,0.0,0.0,negative_real,100.0
data\positive_ai_augmented\positive_ai_augmented_00173.wav,1,positive_ai_augmented,C:\Dev\wakeword\data\positive_ai\positive_00116.wav,2,340.55,405.54,-51.65,4.87,0.85,false,0.0,0.0,negative_real,288.88
data\positive_ai_augmented\positive_ai_augmented_00174.wav,1,positive_ai_augmented,C:\Dev\wakeword\data\positive_ai\positive_00119.wav,0,277.98,318.8,-84.78,-9.74,16.85,false,0.0,0.0,negative_real,193.19
data\positive_ai_augmented\positive_ai_augmented_00175.wav,1,positive_ai_augmented,C:\Dev\wakeword\data\positive_ai\positive_00119.wav,1,229.56,291.92,114.73,-9.17,5.32,false,0.0,0.0,negative_real,344.25
data\positive_ai_augmented\positive_ai_augmented_00176.wav,1,positive_ai_augmented,C:\Dev\wakeword\data\positive_ai\positive_00119.wav,2,301.63,136.28,-18.32,5.54,0.62,true,0.1809,197.52,negative_real,283.25
data\positive_ai_augmented\positive_ai_augmented_00177.wav,1,positive_ai_augmented,C:\Dev\wakeword\data\positive_ai\positive_00120.wav,0,256.74,180.07,43.21,0.8,,true,0.151,115.82,silence,299.94
data\positive_ai_augmented\positive_ai_augmented_00178.wav,1,positive_ai_augmented,C:\Dev\wakeword\data\positive_ai\positive_00120.wav,1,460.04,237.06,-110.64,-6.18,2.62,false,0.0,0.0,negative_real,349.38
data\positive_ai_augmented\positive_ai_augmented_00179.wav,1,positive_ai_augmented,C:\Dev\wakeword\data\positive_ai\positive_00120.wav,2,422.78,474.76,25.57,5.88,5.48,true,0.1126,143.07,negative_real,425.25
data\positive_ai_augmented\positive_ai_augmented_00180.wav,1,positive_ai_augmented,C:\Dev\wakeword\data\positive_ai\positive_00123.wav,0,113.12,211.74,-73.69,-4.58,15.48,true,0.0979,64.03,negative_real,100.0
data\positive_ai_augmented\positive_ai_augmented_00181.wav,1,positive_ai_augmented,C:\Dev\wakeword\data\positive_ai\positive_00123.wav,1,405.9,437.71,94.92,2.9,1.96,true,0.2658,75.09,negative_real,500.81
data\positive_ai_augmented\positive_ai_augmented_00182.wav,1,positive_ai_augmented,C:\Dev\wakeword\data\positive_ai\positive_00123.wav,2,210.37,265.67,-109.81,-3.72,17.59,false,0.0,0.0,negative_real,100.5
data\positive_ai_augmented\positive_ai_augmented_00183.wav,1,positive_ai_augmented,C:\Dev\wakeword\data\positive_ai\positive_00127.wav,0,208.14,457.5,-17.77,-3.32,10.53,true,0.1805,84.29,negative_real,190.31
data\positive_ai_augmented\positive_ai_augmented_00184.wav,1,positive_ai_augmented,C:\Dev\wakeword\data\positive_ai\positive_00127.wav,1,167.99,427.29,20.2,-8.16,14.42,false,0.0,0.0,negative_real,188.19
data\positive_ai_augmented\positive_ai_augmented_00185.wav,1,positive_ai_augmented,C:\Dev\wakeword\data\positive_ai\positive_00127.wav,2,123.54,339.14,75.82,-1.8,,true,0.2126,78.99,silence,199.31
data\positive_ai_augmented\positive_ai_augmented_00186.wav,1,positive_ai_augmented,C:\Dev\wakeword\data\positive_ai\positive_00129.wav,0,292.95,468.94,-98.94,4.87,,false,0.0,0.0,silence,194.0
data\positive_ai_augmented\positive_ai_augmented_00187.wav,1,positive_ai_augmented,C:\Dev\wakeword\data\positive_ai\positive_00129.wav,1,242.07,280.98,-20.12,4.37,,true,0.2211,70.74,silence,221.94
data\positive_ai_augmented\positive_ai_augmented_00188.wav,1,positive_ai_augmented,C:\Dev\wakeword\data\positive_ai\positive_00129.wav,2,218.75,124.25,-31.47,-6.85,10.44,true,0.2054,122.1,negative_real,187.25
data\positive_ai_augmented\positive_ai_augmented_00189.wav,1,positive_ai_augmented,C:\Dev\wakeword\data\positive_ai\positive_00130.wav,0,463.92,417.47,-105.91,5.79,1.86,false,0.0,0.0,negative_real,358.0
data\positive_ai_augmented\positive_ai_augmented_00190.wav,1,positive_ai_augmented,C:\Dev\wakeword\data\positive_ai\positive_00130.wav,1,324.8,150.63,60.36,3.91,12.25,false,0.0,0.0,negative_real,385.12
data\positive_ai_augmented\positive_ai_augmented_00191.wav,1,positive_ai_augmented,C:\Dev\wakeword\data\positive_ai\positive_00130.wav,2,401.83,436.98,88.57,-1.1,,true,0.2521,163.74,silence,443.06
data\positive_ai_augmented\positive_ai_augmented_00192.wav,1,positive_ai_augmented,C:\Dev\wakeword\data\positive_ai\positive_00131.wav,0,216.92,488.83,49.96,-5.21,17.96,true,0.2257,66.91,negative_real,266.88
data\positive_ai_augmented\positive_ai_augmented_00193.wav,1,positive_ai_augmented,C:\Dev\wakeword\data\positive_ai\positive_00131.wav,1,498.0,131.5,-27.68,-4.37,,true,0.1149,182.25,silence,470.31
data\positive_ai_augmented\positive_ai_augmented_00194.wav,1,positive_ai_augmented,C:\Dev\wakeword\data\positive_ai\positive_00131.wav,2,332.18,250.69,78.42,-3.15,,false,0.0,0.0,silence,410.56
data\positive_ai_augmented\positive_ai_augmented_00195.wav,1,positive_ai_augmented,C:\Dev\wakeword\data\positive_ai\positive_00134.wav,0,247.83,327.1,-103.41,-8.89,,false,0.0,0.0,silence,144.38
data\positive_ai_augmented\positive_ai_augmented_00196.wav,1,positive_ai_augmented,C:\Dev\wakeword\data\positive_ai\positive_00134.wav,1,389.5,126.56,87.01,-9.62,1.03,true,0.2507,97.55,negative_real,476.5
data\positive_ai_augmented\positive_ai_augmented_00197.wav,1,positive_ai_augmented,C:\Dev\wakeword\data\positive_ai\positive_00134.wav,2,291.06,454.53,39.65,-3.3,13.88,true,0.1843,133.96,negative_real,330.69
data\positive_ai_augmented\positive_ai_augmented_00198.wav,1,positive_ai_augmented,C:\Dev\wakeword\data\positive_ai\positive_00135.wav,0,439.07,195.01,-83.86,-9.24,,false,0.0,0.0,silence,355.19
data\positive_ai_augmented\positive_ai_augmented_00199.wav,1,positive_ai_augmented,C:\Dev\wakeword\data\positive_ai\positive_00135.wav,1,117.95,399.23,-102.75,-4.25,5.95,true,0.199,218.6,negative_real,100.0
data\positive_ai_augmented\positive_ai_augmented_00200.wav,1,positive_ai_augmented,C:\Dev\wakeword\data\positive_ai\positive_00135.wav,2,231.91,472.78,43.66,-1.4,2.15,false,0.0,0.0,negative_real,267.25
data\positive_ai_augmented\positive_ai_augmented_00201.wav,1,positive_ai_augmented,C:\Dev\wakeword\data\positive_ai\positive_00136.wav,0,194.68,311.05,-103.83,-6.83,1.94,false,0.0,0.0,negative_real,100.0
data\positive_ai_augmented\positive_ai_augmented_00202.wav,1,positive_ai_augmented,C:\Dev\wakeword\data\positive_ai\positive_00136.wav,1,460.11,390.28,-103.53,2.12,14.37,false,0.0,0.0,negative_real,356.56
data\positive_ai_augmented\positive_ai_augmented_00203.wav,1,positive_ai_augmented,C:\Dev\wakeword\data\positive_ai\positive_00136.wav,2,334.47,228.99,47.35,0.63,15.12,false,0.0,0.0,negative_real,381.81
data\positive_ai_augmented\positive_ai_augmented_00204.wav,1,positive_ai_augmented,C:\Dev\wakeword\data\positive_ai\positive_00137.wav,0,499.07,164.16,-71.42,-0.85,10.55,true,0.1609,153.28,negative_real,427.62
data\positive_ai_augmented\positive_ai_augmented_00205.wav,1,positive_ai_augmented,C:\Dev\wakeword\data\positive_ai\positive_00137.wav,1,449.19,371.62,-98.3,1.74,11.87,false,0.0,0.0,negative_real,350.88
data\positive_ai_augmented\positive_ai_augmented_00206.wav,1,positive_ai_augmented,C:\Dev\wakeword\data\positive_ai\positive_00137.wav,2,336.55,235.44,-12.9,-1.68,15.45,true,0.0901,82.88,negative_real,323.62
data\positive_ai_augmented\positive_ai_augmented_00207.wav,1,positive_ai_augmented,C:\Dev\wakeword\data\positive_ai\positive_00141.wav,0,421.08,144.33,26.08,-9.18,17.67,false,0.0,0.0,negative_real,447.12
data\positive_ai_augmented\positive_ai_augmented_00208.wav,1,positive_ai_augmented,C:\Dev\wakeword\data\positive_ai\positive_00141.wav,1,308.86,320.9,-69.18,-9.46,19.01,false,0.0,0.0,negative_real,239.62
data\positive_ai_augmented\positive_ai_augmented_00209.wav,1,positive_ai_augmented,C:\Dev\wakeword\data\positive_ai\positive_00141.wav,2,431.66,210.88,-107.2,-1.48,9.25,false,0.0,0.0,negative_real,324.44
data\positive_ai_augmented\positive_ai_augmented_00210.wav,1,positive_ai_augmented,C:\Dev\wakeword\data\positive_ai\positive_00148.wav,0,267.91,147.78,-96.78,3.39,,true,0.1253,147.78,silence,171.12
data\positive_ai_augmented\positive_ai_augmented_00211.wav,1,positive_ai_augmented,C:\Dev\wakeword\data\positive_ai\positive_00148.wav,1,355.69,376.2,-116.04,2.5,3.46,true,0.0825,141.56,negative_real,239.62
data\positive_ai_augmented\positive_ai_augmented_00212.wav,1,positive_ai_augmented,C:\Dev\wakeword\data\positive_ai\positive_00148.wav,2,227.87,217.58,10.39,5.2,0.83,true,0.2186,64.01,negative_real,238.25
data\positive_ai_augmented\positive_ai_augmented_00213.wav,1,positive_ai_augmented,C:\Dev\wakeword\data\positive_ai\positive_00151.wav,0,139.98,362.0,118.93,-1.08,,false,0.0,0.0,silence,258.88
data\positive_ai_augmented\positive_ai_augmented_00214.wav,1,positive_ai_augmented,C:\Dev\wakeword\data\positive_ai\positive_00151.wav,1,318.08,347.97,47.21,4.82,2.49,true,0.2472,72.28,negative_real,365.25
data\positive_ai_augmented\positive_ai_augmented_00215.wav,1,positive_ai_augmented,C:\Dev\wakeword\data\positive_ai\positive_00151.wav,2,218.16,465.33,-98.7,5.21,13.35,false,0.0,0.0,negative_real,119.44
data\positive_ai_augmented\positive_ai_augmented_00216.wav,1,positive_ai_augmented,C:\Dev\wakeword\data\positive_ai\positive_00158.wav,0,282.7,401.38,-112.42,-0.17,,true,0.2132,116.2,silence,170.25
data\positive_ai_augmented\positive_ai_augmented_00217.wav,1,positive_ai_augmented,C:\Dev\wakeword\data\positive_ai\positive_00158.wav,1,191.33,472.73,17.09,-4.52,3.97,true,0.1283,73.19,negative_real,208.38
data\positive_ai_augmented\positive_ai_augmented_00218.wav,1,positive_ai_augmented,C:\Dev\wakeword\data\positive_ai\positive_00158.wav,2,386.65,403.99,17.97,4.11,15.97,false,0.0,0.0,negative_real,404.56
data\positive_ai_augmented\positive_ai_augmented_00219.wav,1,positive_ai_augmented,C:\Dev\wakeword\data\positive_ai\positive_00159.wav,0,365.83,438.54,118.34,1.91,18.54,false,0.0,0.0,negative_real,481.5
data\positive_ai_augmented\positive_ai_augmented_00220.wav,1,positive_ai_augmented,C:\Dev\wakeword\data\positive_ai\positive_00159.wav,1,257.77,326.19,-94.57,3.45,,true,0.1588,99.36,silence,163.19
data\positive_ai_augmented\positive_ai_augmented_00221.wav,1,positive_ai_augmented,C:\Dev\wakeword\data\positive_ai\positive_00159.wav,2,288.86,427.13,58.96,3.66,16.39,true,0.1965,105.65,negative_real,347.81
data\positive_ai_augmented\positive_ai_augmented_00222.wav,1,positive_ai_augmented,C:\Dev\wakeword\data\positive_ai\positive_00163.wav,0,112.86,257.32,88.98,-3.79,14.19,false,0.0,0.0,negative_real,201.81
data\positive_ai_augmented\positive_ai_augmented_00223.wav,1,positive_ai_augmented,C:\Dev\wakeword\data\positive_ai\positive_00163.wav,1,287.36,456.99,-64.81,0.28,,false,0.0,0.0,silence,222.5
data\positive_ai_augmented\positive_ai_augmented_00224.wav,1,positive_ai_augmented,C:\Dev\wakeword\data\positive_ai\positive_00163.wav,2,199.87,155.8,86.54,-1.95,,false,0.0,0.0,silence,286.38
data\positive_ai_augmented\positive_ai_augmented_00225.wav,1,positive_ai_augmented,C:\Dev\wakeword\data\positive_ai\positive_00165.wav,0,322.59,304.92,73.79,-7.31,15.69,false,0.0,0.0,negative_real,396.38
data\positive_ai_augmented\positive_ai_augmented_00226.wav,1,positive_ai_augmented,C:\Dev\wakeword\data\positive_ai\positive_00165.wav,1,154.67,257.38,94.3,-5.22,,false,0.0,0.0,silence,248.94
data\positive_ai_augmented\positive_ai_augmented_00227.wav,1,positive_ai_augmented,C:\Dev\wakeword\data\positive_ai\positive_00165.wav,2,208.82,284.01,-76.43,-0.8,16.75,true,0.2489,88.0,negative_real,132.38
data\positive_ai_augmented\positive_ai_augmented_00228.wav,1,positive_ai_augmented,C:\Dev\wakeword\data\positive_ai\positive_00170.wav,0,132.31,452.83,71.4,0.79,13.06,false,0.0,0.0,negative_real,203.69
data\positive_ai_augmented\positive_ai_augmented_00229.wav,1,positive_ai_augmented,C:\Dev\wakeword\data\positive_ai\positive_00170.wav,1,467.64,140.21,-44.22,5.12,,false,0.0,0.0,silence,423.38
data\positive_ai_augmented\positive_ai_augmented_00230.wav,1,positive_ai_augmented,C:\Dev\wakeword\data\positive_ai\positive_00170.wav,2,436.45,496.4,-81.17,-9.22,7.09,false,0.0,0.0,negative_real,355.25
data\positive_ai_augmented\positive_ai_augmented_00231.wav,1,positive_ai_augmented,C:\Dev\wakeword\data\positive_ai\positive_00171.wav,0,359.44,305.62,-57.66,-8.13,,true,0.2076,116.23,silence,301.75
data\positive_ai_augmented\positive_ai_augmented_00232.wav,1,positive_ai_augmented,C:\Dev\wakeword\data\positive_ai\positive_00171.wav,1,395.93,495.38,83.18,-4.35,15.41,false,0.0,0.0,negative_real,479.06
data\positive_ai_augmented\positive_ai_augmented_00233.wav,1,positive_ai_augmented,C:\Dev\wakeword\data\positive_ai\positive_00171.wav,2,499.29,296.99,-105.29,-6.08,0.57,true,0.2262,89.41,negative_real,394.0
data\positive_ai_augmented\positive_ai_augmented_00234.wav,1,positive_ai_augmented,C:\Dev\wakeword\data\positive_ai\positive_00173.wav,0,323.47,213.01,23.21,-5.4,1.08,false,0.0,0.0,negative_real,346.62
data\positive_ai_augmented\positive_ai_augmented_00235.wav,1,positive_ai_augmented,C:\Dev\wakeword\data\positive_ai\positive_00173.wav,1,482.34,492.3,57.38,3.0,4.44,false,0.0,0.0,negative_real,467.75
data\positive_ai_augmented\positive_ai_augmented_00236.wav,1,positive_ai_augmented,C:\Dev\wakeword\data\positive_ai\positive_00173.wav,2,280.49,285.12,78.34,0.4,7.53,true,0.1543,67.31,negative_real,358.81
data\positive_ai_augmented\positive_ai_augmented_00237.wav,1,positive_ai_augmented,C:\Dev\wakeword\data\positive_ai\positive_00175.wav,0,252.09,272.53,75.61,5.03,8.63,false,0.0,0.0,negative_real,327.69
data\positive_ai_augmented\positive_ai_augmented_00238.wav,1,positive_ai_augmented,C:\Dev\wakeword\data\positive_ai\positive_00175.wav,1,399.12,283.16,-20.54,-8.33,2.48,false,0.0,0.0,negative_real,378.56
data\positive_ai_augmented\positive_ai_augmented_00239.wav,1,positive_ai_augmented,C:\Dev\wakeword\data\positive_ai\positive_00175.wav,2,264.18,322.77,103.37,-0.06,,false,0.0,0.0,silence,367.5
data\positive_ai_augmented\positive_ai_augmented_00240.wav,1,positive_ai_augmented,C:\Dev\wakeword\data\positive_ai\positive_00177.wav,0,199.82,147.39,-67.97,-1.54,2.54,true,0.1124,74.97,negative_real,131.81
data\positive_ai_augmented\positive_ai_augmented_00241.wav,1,positive_ai_augmented,C:\Dev\wakeword\data\positive_ai\positive_00177.wav,1,158.62,492.51,28.24,-8.58,4.08,false,0.0,0.0,negative_real,186.81
data\positive_ai_augmented\positive_ai_augmented_00242.wav,1,positive_ai_augmented,C:\Dev\wakeword\data\positive_ai\positive_00177.wav,2,349.23,268.03,-27.85,5.95,10.67,true,0.2098,214.87,negative_real,321.38
data\positive_ai_augmented\positive_ai_augmented_00243.wav,1,positive_ai_augmented,C:\Dev\wakeword\data\positive_ai\positive_00179.wav,0,369.41,282.5,-82.8,3.67,,true,0.2218,219.9,silence,286.56
data\positive_ai_augmented\positive_ai_augmented_00244.wav,1,positive_ai_augmented,C:\Dev\wakeword\data\positive_ai\positive_00179.wav,1,183.05,325.25,91.66,-4.85,8.37,true,0.1289,61.79,negative_real,274.69
data\positive_ai_augmented\positive_ai_augmented_00245.wav,1,positive_ai_augmented,C:\Dev\wakeword\data\positive_ai\positive_00179.wav,2,229.76,419.34,109.85,2.43,15.95,true,0.2627,142.86,negative_real,339.56
data\positive_ai_augmented\positive_ai_augmented_00246.wav,1,positive_ai_augmented,C:\Dev\wakeword\data\positive_ai\positive_00180.wav,0,487.92,140.3,22.12,-4.87,14.2,true,0.1948,89.33,negative_real,510.0
data\positive_ai_augmented\positive_ai_augmented_00247.wav,1,positive_ai_augmented,C:\Dev\wakeword\data\positive_ai\positive_00180.wav,1,386.45,450.04,27.27,-0.3,6.19,true,0.1283,69.71,negative_real,413.69
data\positive_ai_augmented\positive_ai_augmented_00248.wav,1,positive_ai_augmented,C:\Dev\wakeword\data\positive_ai\positive_00180.wav,2,319.58,325.2,-6.51,5.67,1.59,true,0.2458,155.06,negative_real,313.06
data\positive_ai_augmented\positive_ai_augmented_00249.wav,1,positive_ai_augmented,C:\Dev\wakeword\data\positive_ai\positive_00181.wav,0,400.33,217.17,93.43,-5.54,18.96,false,0.0,0.0,negative_real,402.88
data\positive_ai_augmented\positive_ai_augmented_00250.wav,1,positive_ai_augmented,C:\Dev\wakeword\data\positive_ai\positive_00181.wav,1,136.62,230.47,-63.68,-2.41,6.28,false,0.0,0.0,negative_real,100.0
data\positive_ai_augmented\positive_ai_augmented_00251.wav,1,positive_ai_augmented,C:\Dev\wakeword\data\positive_ai\positive_00181.wav,2,156.52,206.77,86.32,2.64,12.71,true,0.1308,96.82,negative_real,242.81
data\positive_ai_augmented\positive_ai_augmented_00252.wav,1,positive_ai_augmented,C:\Dev\wakeword\data\positive_ai\positive_00184.wav,0,251.89,469.71,63.53,5.61,12.85,false,0.0,0.0,negative_real,315.38
data\positive_ai_augmented\positive_ai_augmented_00253.wav,1,positive_ai_augmented,C:\Dev\wakeword\data\positive_ai\positive_00184.wav,1,467.47,199.47,92.77,0.38,,false,0.0,0.0,silence,560.19
data\positive_ai_augmented\positive_ai_augmented_00254.wav,1,positive_ai_augmented,C:\Dev\wakeword\data\positive_ai\positive_00184.wav,2,298.21,346.94,-83.6,-5.68,,false,0.0,0.0,silence,214.56
data\positive_ai_augmented\positive_ai_augmented_00255.wav,1,positive_ai_augmented,C:\Dev\wakeword\data\positive_ai\positive_00186.wav,0,197.79,453.12,-30.26,-7.09,8.97,false,0.0,0.0,negative_real,167.5
data\positive_ai_augmented\positive_ai_augmented_00256.wav,1,positive_ai_augmented,C:\Dev\wakeword\data\positive_ai\positive_00186.wav,1,106.5,485.61,75.78,4.51,18.38,true,0.2022,157.41,negative_real,182.25
data\positive_ai_augmented\positive_ai_augmented_00257.wav,1,positive_ai_augmented,C:\Dev\wakeword\data\positive_ai\positive_00186.wav,2,449.93,466.42,84.06,-9.24,12.93,true,0.1581,101.23,negative_real,493.62
data\positive_ai_augmented\positive_ai_augmented_00258.wav,1,positive_ai_augmented,C:\Dev\wakeword\data\positive_ai\positive_00188.wav,0,174.68,475.08,-47.57,0.5,12.65,false,0.0,0.0,negative_real,127.06
data\positive_ai_augmented\positive_ai_augmented_00259.wav,1,positive_ai_augmented,C:\Dev\wakeword\data\positive_ai\positive_00188.wav,1,163.8,369.33,-55.05,-4.68,8.54,true,0.1708,90.47,negative_real,108.69
data\positive_ai_augmented\positive_ai_augmented_00260.wav,1,positive_ai_augmented,C:\Dev\wakeword\data\positive_ai\positive_00188.wav,2,460.44,139.33,-109.69,3.49,3.68,true,0.2354,120.25,negative_real,350.75
data\positive_ai_augmented\positive_ai_augmented_00261.wav,1,positive_ai_augmented,C:\Dev\wakeword\data\positive_ai\positive_00194.wav,0,100.33,339.41,-35.07,-7.02,,true,0.094,69.11,silence,100.0
data\positive_ai_augmented\positive_ai_augmented_00262.wav,1,positive_ai_augmented,C:\Dev\wakeword\data\positive_ai\positive_00194.wav,1,341.65,494.64,41.28,0.85,5.77,true,0.2534,118.35,negative_real,382.88
data\positive_ai_augmented\positive_ai_augmented_00263.wav,1,positive_ai_augmented,C:\Dev\wakeword\data\positive_ai\positive_00194.wav,2,178.01,110.74,12.82,-3.79,1.88,false,0.0,0.0,negative_real,190.81
data\positive_ai_augmented\positive_ai_augmented_00264.wav,1,positive_ai_augmented,C:\Dev\wakeword\data\positive_ai\positive_00195.wav,0,161.72,472.72,62.76,0.39,8.33,false,0.0,0.0,negative_real,224.44
data\positive_ai_augmented\positive_ai_augmented_00265.wav,1,positive_ai_augmented,C:\Dev\wakeword\data\positive_ai\positive_00195.wav,1,101.45,125.03,-93.72,-4.37,,false,0.0,0.0,silence,100.0
data\positive_ai_augmented\positive_ai_augmented_00266.wav,1,positive_ai_augmented,C:\Dev\wakeword\data\positive_ai\positive_00195.wav,2,336.09,158.57,59.5,-5.51,3.9,true,0.1348,189.9,negative_real,395.56
data\positive_ai_augmented\positive_ai_augmented_00267.wav,1,positive_ai_augmented,C:\Dev\wakeword\data\positive_ai\positive_00196.wav,0,359.24,293.4,-14.56,-1.71,,true,0.1129,81.21,silence,344.62
data\positive_ai_augmented\positive_ai_augmented_00268.wav,1,positive_ai_augmented,C:\Dev\wakeword\data\positive_ai\positive_00196.wav,1,451.77,289.03,113.13,-2.18,9.54,true,0.2408,76.23,negative_real,564.88
data\positive_ai_augmented\positive_ai_augmented_00269.wav,1,positive_ai_augmented,C:\Dev\wakeword\data\positive_ai\positive_00196.wav,2,235.48,191.23,-74.69,-7.76,11.9,false,0.0,0.0,negative_real,160.75
data\positive_ai_augmented\positive_ai_augmented_00270.wav,1,positive_ai_augmented,C:\Dev\wakeword\data\positive_ai\positive_00197.wav,0,356.66,383.97,48.99,-1.47,8.67,true,0.1011,166.34,negative_real,405.62
data\positive_ai_augmented\positive_ai_augmented_00271.wav,1,positive_ai_augmented,C:\Dev\wakeword\data\positive_ai\positive_00197.wav,1,241.1,388.18,18.97,5.46,9.94,false,0.0,0.0,negative_real,260.06
data\positive_ai_augmented\positive_ai_augmented_00272.wav,1,positive_ai_augmented,C:\Dev\wakeword\data\positive_ai\positive_00197.wav,2,291.69,110.59,106.2,5.99,0.95,false,0.0,0.0,negative_real,397.88
data\positive_ai_augmented\positive_ai_augmented_00273.wav,1,positive_ai_augmented,C:\Dev\wakeword\data\positive_ai\positive_00199.wav,0,124.75,110.2,23.91,4.93,,false,0.0,0.0,silence,148.62
data\positive_ai_augmented\positive_ai_augmented_00274.wav,1,positive_ai_augmented,C:\Dev\wakeword\data\positive_ai\positive_00199.wav,1,346.66,216.76,-104.65,-8.63,0.52,true,0.0825,129.45,negative_real,242.0
data\positive_ai_augmented\positive_ai_augmented_00275.wav,1,positive_ai_augmented,C:\Dev\wakeword\data\positive_ai\positive_00199.wav,2,197.07,246.68,-35.68,-5.32,6.8,false,0.0,0.0,negative_real,161.38
data\positive_ai_augmented\positive_ai_augmented_00276.wav,1,positive_ai_augmented,C:\Dev\wakeword\data\positive_ai\positive_00200.wav,0,428.71,163.04,-95.16,2.73,15.48,false,0.0,0.0,negative_real,333.5
data\positive_ai_augmented\positive_ai_augmented_00277.wav,1,positive_ai_augmented,C:\Dev\wakeword\data\positive_ai\positive_00200.wav,1,257.08,113.15,-92.14,-4.74,,false,0.0,0.0,silence,164.94
data\positive_ai_augmented\positive_ai_augmented_00278.wav,1,positive_ai_augmented,C:\Dev\wakeword\data\positive_ai\positive_00200.wav,2,324.24,292.24,42.71,-4.46,11.93,false,0.0,0.0,negative_real,366.94
data\positive_ai_augmented\positive_ai_augmented_00279.wav,1,positive_ai_augmented,C:\Dev\wakeword\data\positive_ai\positive_00202.wav,0,225.88,232.13,46.57,-2.94,0.73,false,0.0,0.0,negative_real,272.44
data\positive_ai_augmented\positive_ai_augmented_00280.wav,1,positive_ai_augmented,C:\Dev\wakeword\data\positive_ai\positive_00202.wav,1,442.07,165.27,1.74,4.65,19.09,false,0.0,0.0,negative_real,443.75
data\positive_ai_augmented\positive_ai_augmented_00281.wav,1,positive_ai_augmented,C:\Dev\wakeword\data\positive_ai\positive_00202.wav,2,214.7,446.51,101.37,0.96,18.89,false,0.0,0.0,negative_real,316.06
data\positive_ai_augmented\positive_ai_augmented_00282.wav,1,positive_ai_augmented,C:\Dev\wakeword\data\positive_ai\positive_00203.wav,0,275.71,207.41,-86.81,-9.55,18.54,false,0.0,0.0,negative_real,188.88
data\positive_ai_augmented\positive_ai_augmented_00283.wav,1,positive_ai_augmented,C:\Dev\wakeword\data\positive_ai\positive_00203.wav,1,129.91,144.07,46.07,3.35,18.14,false,0.0,0.0,negative_real,175.94
data\positive_ai_augmented\positive_ai_augmented_00284.wav,1,positive_ai_augmented,C:\Dev\wakeword\data\positive_ai\positive_00203.wav,2,451.2,425.0,3.82,-8.39,2.68,false,0.0,0.0,negative_real,455.0
data\positive_ai_augmented\positive_ai_augmented_00285.wav,1,positive_ai_augmented,C:\Dev\wakeword\data\positive_ai\positive_00206.wav,0,304.47,121.75,-48.12,-0.08,,false,0.0,0.0,silence,256.31
data\positive_ai_augmented\positive_ai_augmented_00286.wav,1,positive_ai_augmented,C:\Dev\wakeword\data\positive_ai\positive_00206.wav,1,440.11,444.31,-37.86,-7.53,1.73,false,0.0,0.0,negative_real,295.75
data\positive_ai_augmented\positive_ai_augmented_00287.wav,1,positive_ai_augmented,C:\Dev\wakeword\data\positive_ai\positive_00206.wav,2,451.39,469.72,77.19,5.75,17.58,true,0.0952,149.91,negative_real,270.31
data\positive_ai_augmented\positive_ai_augmented_00288.wav,1,positive_ai_augmented,C:\Dev\wakeword\data\positive_ai\positive_00207.wav,0,234.67,371.63,61.57,1.07,0.02,false,0.0,0.0,negative_real,296.19
data\positive_ai_augmented\positive_ai_augmented_00289.wav,1,positive_ai_augmented,C:\Dev\wakeword\data\positive_ai\positive_00207.wav,1,114.04,496.35,67.75,-9.67,9.02,false,0.0,0.0,negative_real,181.75
data\positive_ai_augmented\positive_ai_augmented_00290.wav,1,positive_ai_augmented,C:\Dev\wakeword\data\positive_ai\positive_00207.wav,2,415.82,102.69,-50.83,-0.08,11.29,true,0.1421,214.68,negative_real,364.94
data\positive_ai_augmented\positive_ai_augmented_00291.wav,1,positive_ai_augmented,C:\Dev\wakeword\data\positive_ai\positive_00208.wav,0,276.86,382.1,81.2,2.0,14.92,false,0.0,0.0,negative_real,358.0
data\positive_ai_augmented\positive_ai_augmented_00292.wav,1,positive_ai_augmented,C:\Dev\wakeword\data\positive_ai\positive_00208.wav,1,183.46,299.35,21.18,3.7,,false,0.0,0.0,silence,204.62
data\positive_ai_augmented\positive_ai_augmented_00293.wav,1,positive_ai_augmented,C:\Dev\wakeword\data\positive_ai\positive_00208.wav,2,426.54,386.82,61.99,-3.38,0.01,false,0.0,0.0,negative_real,488.5
data\positive_ai_augmented\positive_ai_augmented_00294.wav,1,positive_ai_augmented,C:\Dev\wakeword\data\positive_ai\positive_00214.wav,0,357.95,387.27,16.11,0.9,3.44,true,0.2718,173.16,negative_real,374.0
data\positive_ai_augmented\positive_ai_augmented_00295.wav,1,positive_ai_augmented,C:\Dev\wakeword\data\positive_ai\positive_00214.wav,1,317.34,406.15,5.01,-3.9,8.65,false,0.0,0.0,negative_real,322.31
data\positive_ai_augmented\positive_ai_augmented_00296.wav,1,positive_ai_augmented,C:\Dev\wakeword\data\positive_ai\positive_00214.wav,2,143.43,161.41,81.03,-9.74,3.29,false,0.0,0.0,negative_real,224.44
data\positive_ai_augmented\positive_ai_augmented_00297.wav,1,positive_ai_augmented,C:\Dev\wakeword\data\positive_ai\positive_00216.wav,0,382.05,418.13,-65.21,-5.14,10.88,false,0.0,0.0,negative_real,316.81
data\positive_ai_augmented\positive_ai_augmented_00298.wav,1,positive_ai_augmented,C:\Dev\wakeword\data\positive_ai\positive_00216.wav,1,454.36,190.1,-40.79,5.96,10.08,true,0.2504,198.19,negative_real,413.5
data\positive_ai_augmented\positive_ai_augmented_00299.wav,1,positive_ai_augmented,C:\Dev\wakeword\data\positive_ai\positive_00216.wav,2,461.8,173.78,113.6,-2.27,6.14,false,0.0,0.0,negative_real,575.38
data\positive_ai_augmented\positive_ai_augmented_00300.wav,1,positive_ai_augmented,C:\Dev\wakeword\data\positive_ai\positive_00222.wav,0,404.78,156.18,-46.31,-3.81,5.13,false,0.0,0.0,negative_real,358.44
data\positive_ai_augmented\positive_ai_augmented_00301.wav,1,positive_ai_augmented,C:\Dev\wakeword\data\positive_ai\positive_00222.wav,1,398.11,129.48,63.78,1.56,16.01,false,0.0,0.0,negative_real,461.88
data\positive_ai_augmented\positive_ai_augmented_00302.wav,1,positive_ai_augmented,C:\Dev\wakeword\data\positive_ai\positive_00222.wav,2,256.18,293.69,67.05,-4.75,1.74,false,0.0,0.0,negative_real,323.19
data\positive_ai_augmented\positive_ai_augmented_00303.wav,1,positive_ai_augmented,C:\Dev\wakeword\data\positive_ai\positive_00224.wav,0,117.76,499.07,88.67,-2.99,12.05,true,0.106,140.19,negative_real,206.38
data\positive_ai_augmented\positive_ai_augmented_00304.wav,1,positive_ai_augmented,C:\Dev\wakeword\data\positive_ai\positive_00224.wav,1,377.81,246.2,-81.66,-0.05,1.24,true,0.1702,193.68,negative_real,296.12
data\positive_ai_augmented\positive_ai_augmented_00305.wav,1,positive_ai_augmented,C:\Dev\wakeword\data\positive_ai\positive_00224.wav,2,428.85,186.66,73.09,-9.52,3.53,false,0.0,0.0,negative_real,501.94
data\positive_ai_augmented\positive_ai_augmented_00306.wav,1,positive_ai_augmented,C:\Dev\wakeword\data\positive_ai\positive_00228.wav,0,120.72,402.35,-35.99,3.75,1.15,true,0.122,109.48,negative_real,100.0
data\positive_ai_augmented\positive_ai_augmented_00307.wav,1,positive_ai_augmented,C:\Dev\wakeword\data\positive_ai\positive_00228.wav,1,185.07,463.34,93.6,-3.28,15.81,true,0.1057,120.8,negative_real,278.62
data\positive_ai_augmented\positive_ai_augmented_00308.wav,1,positive_ai_augmented,C:\Dev\wakeword\data\positive_ai\positive_00228.wav,2,451.33,228.81,17.16,1.81,7.63,true,0.1651,137.93,negative_real,468.44
data\positive_ai_augmented\positive_ai_augmented_00309.wav,1,positive_ai_augmented,C:\Dev\wakeword\data\positive_ai\positive_00230.wav,0,115.56,340.11,-97.86,-3.22,1.22,true,0.0895,63.96,negative_real,100.0
data\positive_ai_augmented\positive_ai_augmented_00310.wav,1,positive_ai_augmented,C:\Dev\wakeword\data\positive_ai\positive_00230.wav,1,161.24,232.51,40.82,3.88,19.84,false,0.0,0.0,negative_real,202.06
data\positive_ai_augmented\positive_ai_augmented_00311.wav,1,positive_ai_augmented,C:\Dev\wakeword\data\positive_ai\positive_00230.wav,2,401.74,440.87,79.77,4.95,12.77,false,0.0,0.0,negative_real,481.5
data\positive_ai_augmented\positive_ai_augmented_00312.wav,1,positive_ai_augmented,C:\Dev\wakeword\data\positive_ai\positive_00234.wav,0,305.98,440.41,-16.47,5.39,15.92,true,0.2219,181.11,negative_real,289.5
data\positive_ai_augmented\positive_ai_augmented_00313.wav,1,positive_ai_augmented,C:\Dev\wakeword\data\positive_ai\positive_00234.wav,1,276.49,184.48,-74.65,-8.56,5.0,false,0.0,0.0,negative_real,201.81
data\positive_ai_augmented\positive_ai_augmented_00314.wav,1,positive_ai_augmented,C:\Dev\wakeword\data\positive_ai\positive_00234.wav,2,450.56,223.83,-71.94,-1.82,,false,0.0,0.0,silence,378.56
data\positive_ai_augmented\positive_ai_augmented_00315.wav,1,positive_ai_augmented,C:\Dev\wakeword\data\positive_ai\positive_00240.wav,0,285.84,237.53,-57.2,-7.36,6.54,false,0.0,0.0,negative_real,228.62
data\positive_ai_augmented\positive_ai_augmented_00316.wav,1,positive_ai_augmented,C:\Dev\wakeword\data\positive_ai\positive_00240.wav,1,135.36,199.48,-105.98,-4.61,12.61,false,0.0,0.0,negative_real,100.0
data\positive_ai_augmented\positive_ai_augmented_00317.wav,1,positive_ai_augmented,C:\Dev\wakeword\data\positive_ai\positive_00240.wav,2,475.95,484.5,43.36,-2.14,1.57,false,0.0,0.0,negative_real,519.31
data\positive_ai_augmented\positive_ai_augmented_00318.wav,1,positive_ai_augmented,C:\Dev\wakeword\data\positive_ai\positive_00241.wav,0,403.21,484.73,-99.61,-6.38,18.56,false,0.0,0.0,negative_real,303.56
data\positive_ai_augmented\positive_ai_augmented_00319.wav,1,positive_ai_augmented,C:\Dev\wakeword\data\positive_ai\positive_00241.wav,1,484.09,151.15,-36.24,-4.8,0.31,true,0.1107,149.97,negative_real,447.81
data\positive_ai_augmented\positive_ai_augmented_00320.wav,1,positive_ai_augmented,C:\Dev\wakeword\data\positive_ai\positive_00241.wav,2,182.65,224.96,-77.23,-7.48,,false,0.0,0.0,silence,105.38
data\positive_ai_augmented\positive_ai_augmented_00321.wav,1,positive_ai_augmented,C:\Dev\wakeword\data\positive_ai\positive_00242.wav,0,474.27,419.27,16.26,-0.97,,true,0.1662,122.44,silence,460.75
data\positive_ai_augmented\positive_ai_augmented_00322.wav,1,positive_ai_augmented,C:\Dev\wakeword\data\positive_ai\positive_00242.wav,1,474.24,349.74,-5.78,-2.48,4.73,true,0.168,169.69,negative_real,468.44
data\positive_ai_augmented\positive_ai_augmented_00323.wav,1,positive_ai_augmented,C:\Dev\wakeword\data\positive_ai\positive_00242.wav,2,213.32,269.61,-53.35,-0.34,12.4,true,0.2409,130.01,negative_real,159.94
data\positive_ai_augmented\positive_ai_augmented_00324.wav,1,positive_ai_augmented,C:\Dev\wakeword\data\positive_ai\positive_00243.wav,0,286.82,248.25,-71.11,-8.08,,false,0.0,0.0,silence,215.69
data\positive_ai_augmented\positive_ai_augmented_00325.wav,1,positive_ai_augmented,C:\Dev\wakeword\data\positive_ai\positive_00243.wav,1,100.77,481.17,-115.2,4.63,9.27,false,0.0,0.0,negative_real,100.0
data\positive_ai_augmented\positive_ai_augmented_00326.wav,1,positive_ai_augmented,C:\Dev\wakeword\data\positive_ai\positive_00243.wav,2,489.78,115.73,116.85,-5.92,7.49,true,0.2127,142.54,negative_real,606.62
data\positive_ai_augmented\positive_ai_augmented_00327.wav,1,positive_ai_augmented,C:\Dev\wakeword\data\positive_ai\positive_00246.wav,0,367.4,425.16,91.5,-1.82,17.31,false,0.0,0.0,negative_real,458.88
data\positive_ai_augmented\positive_ai_augmented_00328.wav,1,positive_ai_augmented,C:\Dev\wakeword\data\positive_ai\positive_00246.wav,1,254.55,258.37,-46.82,0.57,4.36,false,0.0,0.0,negative_real,207.69
data\positive_ai_augmented\positive_ai_augmented_00329.wav,1,positive_ai_augmented,C:\Dev\wakeword\data\positive_ai\positive_00246.wav,2,446.74,238.4,101.51,-1.04,,false,0.0,0.0,silence,548.19
data\positive_ai_augmented\positive_ai_augmented_00330.wav,1,positive_ai_augmented,C:\Dev\wakeword\data\positive_ai\positive_00247.wav,0,155.54,463.97,7.54,-9.42,5.27,false,0.0,0.0,negative_real,163.06
data\positive_ai_augmented\positive_ai_augmented_00331.wav,1,positive_ai_augmented,C:\Dev\wakeword\data\positive_ai\positive_00247.wav,1,237.08,359.64,-0.55,-8.83,,true,0.1182,157.33,silence,236.5
data\positive_ai_augmented\positive_ai_augmented_00332.wav,1,positive_ai_augmented,C:\Dev\wakeword\data\positive_ai\positive_00247.wav,2,385.97,127.58,22.4,-8.3,3.94,true,0.1431,80.76,negative_real,408.31
data\positive_ai_augmented\positive_ai_augmented_00333.wav,1,positive_ai_augmented,C:\Dev\wakeword\data\positive_ai\positive_00248.wav,0,130.54,180.92,-106.85,-2.1,,false,0.0,0.0,silence,100.0
data\positive_ai_augmented\positive_ai_augmented_00334.wav,1,positive_ai_augmented,C:\Dev\wakeword\data\positive_ai\positive_00248.wav,1,276.41,332.5,-63.79,-6.48,19.81,false,0.0,0.0,negative_real,212.56
data\positive_ai_augmented\positive_ai_augmented_00335.wav,1,positive_ai_augmented,C:\Dev\wakeword\data\positive_ai\positive_00248.wav,2,498.51,491.85,-18.46,-4.82,,true,0.0828,75.24,silence,480.0
data\positive_ai_augmented\positive_ai_augmented_00336.wav,1,positive_ai_augmented,C:\Dev\wakeword\data\positive_ai\positive_00253.wav,0,196.39,315.36,-75.81,-7.41,5.28,false,0.0,0.0,negative_real,120.56
data\positive_ai_augmented\positive_ai_augmented_00337.wav,1,positive_ai_augmented,C:\Dev\wakeword\data\positive_ai\positive_00253.wav,1,168.95,471.91,-109.68,-5.99,1.75,false,0.0,0.0,negative_real,100.0
data\positive_ai_augmented\positive_ai_augmented_00338.wav,1,positive_ai_augmented,C:\Dev\wakeword\data\positive_ai\positive_00253.wav,2,388.51,188.68,-73.59,2.74,13.04,false,0.0,0.0,negative_real,314.88
data\positive_ai_augmented\positive_ai_augmented_00339.wav,1,positive_ai_augmented,C:\Dev\wakeword\data\positive_ai\positive_00254.wav,0,365.17,292.01,97.24,0.25,2.48,false,0.0,0.0,negative_real,462.38
data\positive_ai_augmented\positive_ai_augmented_00340.wav,1,positive_ai_augmented,C:\Dev\wakeword\data\positive_ai\positive_00254.wav,1,257.09,225.33,83.24,-2.92,2.71,false,0.0,0.0,negative_real,340.31
data\positive_ai_augmented\positive_ai_augmented_00341.wav,1,positive_ai_augmented,C:\Dev\wakeword\data\positive_ai\positive_00254.wav,2,469.86,292.22,-57.65,-5.76,,true,0.2235,211.94,silence,412.19
data\positive_ai_augmented\positive_ai_augmented_00342.wav,1,positive_ai_augmented,C:\Dev\wakeword\data\positive_ai\positive_00257.wav,0,334.45,147.51,69.39,4.56,5.48,true,0.1586,163.54,negative_real,403.81
data\positive_ai_augmented\positive_ai_augmented_00343.wav,1,positive_ai_augmented,C:\Dev\wakeword\data\positive_ai\positive_00257.wav,1,391.71,223.86,9.63,-0.13,13.18,true,0.1156,76.15,negative_real,401.31
data\positive_ai_augmented\positive_ai_augmented_00344.wav,1,positive_ai_augmented,C:\Dev\wakeword\data\positive_ai\positive_00257.wav,2,323.89,222.33,97.78,1.39,,false,0.0,0.0,silence,421.62
data\positive_ai_augmented\positive_ai_augmented_00345.wav,1,positive_ai_augmented,C:\Dev\wakeword\data\positive_ai\positive_00258.wav,0,307.43,228.65,78.66,2.29,10.38,true,0.1979,198.43,negative_real,386.06
data\positive_ai_augmented\positive_ai_augmented_00346.wav,1,positive_ai_augmented,C:\Dev\wakeword\data\positive_ai\positive_00258.wav,1,291.71,419.37,98.07,-3.16,10.19,false,0.0,0.0,negative_real,389.75
data\positive_ai_augmented\positive_ai_augmented_00347.wav,1,positive_ai_augmented,C:\Dev\wakeword\data\positive_ai\positive_00258.wav,2,108.15,301.22,85.43,-3.75,0.67,false,0.0,0.0,negative_real,193.56
data\positive_ai_augmented\positive_ai_augmented_00348.wav,1,positive_ai_augmented,C:\Dev\wakeword\data\positive_ai\positive_00262.wav,0,253.2,289.77,-58.75,1.05,,false,0.0,0.0,silence,194.44
data\positive_ai_augmented\positive_ai_augmented_00349.wav,1,positive_ai_augmented,C:\Dev\wakeword\data\positive_ai\positive_00262.wav,1,199.99,315.13,-14.87,-9.9,1.42,false,0.0,0.0,negative_real,185.06
data\positive_ai_augmented\positive_ai_augmented_00350.wav,1,positive_ai_augmented,C:\Dev\wakeword\data\positive_ai\positive_00262.wav,2,280.37,182.95,5.71,-3.66,4.98,false,0.0,0.0,negative_real,286.06
data\positive_ai_augmented\positive_ai_augmented_00351.wav,1,positive_ai_augmented,C:\Dev\wakeword\data\positive_ai\positive_00264.wav,0,107.76,261.66,8.76,1.31,5.9,false,0.0,0.0,negative_real,116.5
data\positive_ai_augmented\positive_ai_augmented_00352.wav,1,positive_ai_augmented,C:\Dev\wakeword\data\positive_ai\positive_00264.wav,1,415.62,322.22,26.82,4.38,2.55,false,0.0,0.0,negative_real,417.81
data\positive_ai_augmented\positive_ai_augmented_00353.wav,1,positive_ai_augmented,C:\Dev\wakeword\data\positive_ai\positive_00264.wav,2,379.77,293.73,100.51,-7.86,2.35,true,0.1786,72.92,negative_real,446.31
data\positive_ai_augmented\positive_ai_augmented_00354.wav,1,positive_ai_augmented,C:\Dev\wakeword\data\positive_ai\positive_00265.wav,0,453.84,170.0,-95.43,2.9,,true,0.2029,179.39,silence,358.38
data\positive_ai_augmented\positive_ai_augmented_00355.wav,1,positive_ai_augmented,C:\Dev\wakeword\data\positive_ai\positive_00265.wav,1,279.74,145.39,16.21,0.86,,true,0.2752,169.52,silence,295.94
data\positive_ai_augmented\positive_ai_augmented_00356.wav,1,positive_ai_augmented,C:\Dev\wakeword\data\positive_ai\positive_00265.wav,2,202.31,490.48,-112.14,-8.93,17.09,true,0.1569,198.9,negative_real,100.0
data\positive_ai_augmented\positive_ai_augmented_00357.wav,1,positive_ai_augmented,C:\Dev\wakeword\data\positive_ai\positive_00266.wav,0,108.31,178.31,72.05,-7.01,16.92,false,0.0,0.0,negative_real,180.31
data\positive_ai_augmented\positive_ai_augmented_00358.wav,1,positive_ai_augmented,C:\Dev\wakeword\data\positive_ai\positive_00266.wav,1,128.26,112.19,-8.36,5.35,5.66,false,0.0,0.0,negative_real,119.88
data\positive_ai_augmented\positive_ai_augmented_00359.wav,1,positive_ai_augmented,C:\Dev\wakeword\data\positive_ai\positive_00266.wav,2,426.78,374.35,2.84,2.69,19.97,false,0.0,0.0,negative_real,429.56
data\positive_ai_augmented\positive_ai_augmented_00360.wav,1,positive_ai_augmented,C:\Dev\wakeword\data\positive_ai\positive_00268.wav,0,291.4,422.77,86.99,-9.33,,false,0.0,0.0,silence,378.38
data\positive_ai_augmented\positive_ai_augmented_00361.wav,1,positive_ai_augmented,C:\Dev\wakeword\data\positive_ai\positive_00268.wav,1,215.64,380.0,-118.24,-7.92,3.13,false,0.0,0.0,negative_real,100.0
data\positive_ai_augmented\positive_ai_augmented_00362.wav,1,positive_ai_augmented,C:\Dev\wakeword\data\positive_ai\positive_00268.wav,2,463.92,186.56,118.63,-8.96,7.01,true,0.198,189.53,negative_real,582.5
data\positive_ai_augmented\positive_ai_augmented_00363.wav,1,positive_ai_augmented,C:\Dev\wakeword\data\positive_ai\positive_00270.wav,0,104.89,150.25,12.84,0.04,15.96,false,0.0,0.0,negative_real,117.69
data\positive_ai_augmented\positive_ai_augmented_00364.wav,1,positive_ai_augmented,C:\Dev\wakeword\data\positive_ai\positive_00270.wav,1,203.44,427.9,-119.27,2.61,7.94,false,0.0,0.0,negative_real,100.0
data\positive_ai_augmented\positive_ai_augmented_00365.wav,1,positive_ai_augmented,C:\Dev\wakeword\data\positive_ai\positive_00270.wav,2,429.7,320.33,28.45,-6.78,,false,0.0,0.0,silence,458.12
data\positive_ai_augmented\positive_ai_augmented_00366.wav,1,positive_ai_augmented,C:\Dev\wakeword\data\positive_ai\positive_00272.wav,0,396.58,436.02,100.89,5.04,,true,0.1748,194.44,silence,424.0
data\positive_ai_augmented\positive_ai_augmented_00367.wav,1,positive_ai_augmented,C:\Dev\wakeword\data\positive_ai\positive_00272.wav,1,406.41,450.87,4.7,-8.91,1.04,false,0.0,0.0,negative_real,409.19
data\positive_ai_augmented\positive_ai_augmented_00368.wav,1,positive_ai_augmented,C:\Dev\wakeword\data\positive_ai\positive_00272.wav,2,456.99,376.62,108.53,1.87,2.38,true,0.1884,165.51,negative_real,483.44
data\positive_ai_augmented\positive_ai_augmented_00369.wav,1,positive_ai_augmented,C:\Dev\wakeword\data\positive_ai\positive_00273.wav,0,304.82,166.25,21.73,1.58,,true,0.2593,64.19,silence,326.5
data\positive_ai_augmented\positive_ai_augmented_00370.wav,1,positive_ai_augmented,C:\Dev\wakeword\data\positive_ai\positive_00273.wav,1,332.8,180.41,62.47,-4.25,3.61,false,0.0,0.0,negative_real,395.25
data\positive_ai_augmented\positive_ai_augmented_00371.wav,1,positive_ai_augmented,C:\Dev\wakeword\data\positive_ai\positive_00273.wav,2,402.61,162.8,66.79,-9.69,15.5,true,0.1737,155.29,negative_real,469.38
data\positive_ai_augmented\positive_ai_augmented_00372.wav,1,positive_ai_augmented,C:\Dev\wakeword\data\positive_ai\positive_00274.wav,0,313.89,105.59,-119.46,-7.12,4.57,false,0.0,0.0,negative_real,194.38
data\positive_ai_augmented\positive_ai_augmented_00373.wav,1,positive_ai_augmented,C:\Dev\wakeword\data\positive_ai\positive_00274.wav,1,336.88,251.71,-75.18,-6.21,,true,0.1416,204.31,silence,261.69
data\positive_ai_augmented\positive_ai_augmented_00374.wav,1,positive_ai_augmented,C:\Dev\wakeword\data\positive_ai\positive_00274.wav,2,143.85,283.22,-28.48,-9.68,19.47,false,0.0,0.0,negative_real,115.38
data\positive_ai_augmented\positive_ai_augmented_00375.wav,1,positive_ai_augmented,C:\Dev\wakeword\data\positive_ai\positive_00276.wav,0,361.36,364.18,6.72,-0.65,5.57,true,0.2449,127.35,negative_real,368.06
data\positive_ai_augmented\positive_ai_augmented_00376.wav,1,positive_ai_augmented,C:\Dev\wakeword\data\positive_ai\positive_00276.wav,1,359.16,116.2,-1.04,-6.19,19.4,false,0.0,0.0,negative_real,358.06
data\positive_ai_augmented\positive_ai_augmented_00377.wav,1,positive_ai_augmented,C:\Dev\wakeword\data\positive_ai\positive_00276.wav,2,283.68,354.37,69.7,3.83,,true,0.2352,77.94,silence,353.38
data\positive_ai_augmented\positive_ai_augmented_00378.wav,1,positive_ai_augmented,C:\Dev\wakeword\data\positive_ai\positive_00279.wav,0,297.56,442.48,64.93,-2.72,,false,0.0,0.0,silence,362.44
data\positive_ai_augmented\positive_ai_augmented_00379.wav,1,positive_ai_augmented,C:\Dev\wakeword\data\positive_ai\positive_00279.wav,1,152.26,258.99,-21.2,2.1,,true,0.1978,142.52,silence,131.0
data\positive_ai_augmented\positive_ai_augmented_00380.wav,1,positive_ai_augmented,C:\Dev\wakeword\data\positive_ai\positive_00279.wav,2,198.11,133.91,-20.69,1.73,14.48,false,0.0,0.0,negative_real,177.38
data\positive_ai_augmented\positive_ai_augmented_00381.wav,1,positive_ai_augmented,C:\Dev\wakeword\data\positive_ai\positive_00281.wav,0,372.56,193.75,12.18,0.46,10.06,false,0.0,0.0,negative_real,384.69
data\positive_ai_augmented\positive_ai_augmented_00382.wav,1,positive_ai_augmented,C:\Dev\wakeword\data\positive_ai\positive_00281.wav,1,136.02,366.49,87.76,-4.14,,true,0.0859,218.35,silence,223.75
data\positive_ai_augmented\positive_ai_augmented_00383.wav,1,positive_ai_augmented,C:\Dev\wakeword\data\positive_ai\positive_00281.wav,2,200.15,398.44,64.74,1.26,4.85,false,0.0,0.0,negative_real,264.88
data\positive_ai_augmented\positive_ai_augmented_00384.wav,1,positive_ai_augmented,C:\Dev\wakeword\data\positive_ai\positive_00285.wav,0,209.7,425.41,-81.5,-9.41,11.52,false,0.0,0.0,negative_real,128.19
data\positive_ai_augmented\positive_ai_augmented_00385.wav,1,positive_ai_augmented,C:\Dev\wakeword\data\positive_ai\positive_00285.wav,1,221.38,450.54,-80.94,-6.95,1.58,false,0.0,0.0,negative_real,140.38
data\positive_ai_augmented\positive_ai_augmented_00386.wav,1,positive_ai_augmented,C:\Dev\wakeword\data\positive_ai\positive_00285.wav,2,295.69,130.13,42.7,5.7,15.38,false,0.0,0.0,negative_real,338.38
data\positive_ai_augmented\positive_ai_augmented_00387.wav,1,positive_ai_augmented,C:\Dev\wakeword\data\positive_ai\positive_00286.wav,0,302.3,465.09,34.5,-2.05,4.05,false,0.0,0.0,negative_real,336.75
data\positive_ai_augmented\positive_ai_augmented_00388.wav,1,positive_ai_augmented,C:\Dev\wakeword\data\positive_ai\positive_00286.wav,1,184.54,491.22,-15.69,-4.7,,true,0.2046,207.68,silence,168.81
data\positive_ai_augmented\positive_ai_augmented_00389.wav,1,positive_ai_augmented,C:\Dev\wakeword\data\positive_ai\positive_00286.wav,2,489.3,445.66,-47.13,-4.83,16.99,true,0.1072,147.89,negative_real,442.12
data\positive_ai_augmented\positive_ai_augmented_00390.wav,1,positive_ai_augmented,C:\Dev\wakeword\data\positive_ai\positive_00289.wav,0,232.37,178.06,-56.39,-4.78,4.3,true,0.2097,68.49,negative_real,175.94
data\positive_ai_augmented\positive_ai_augmented_00391.wav,1,positive_ai_augmented,C:\Dev\wakeword\data\positive_ai\positive_00289.wav,1,224.0,285.48,82.66,-8.01,17.4,false,0.0,0.0,negative_real,306.62
data\positive_ai_augmented\positive_ai_augmented_00392.wav,1,positive_ai_augmented,C:\Dev\wakeword\data\positive_ai\positive_00289.wav,2,452.83,142.95,17.83,0.98,,false,0.0,0.0,silence,470.62
data\positive_ai_augmented\positive_ai_augmented_00393.wav,1,positive_ai_augmented,C:\Dev\wakeword\data\positive_ai\positive_00290.wav,0,133.23,331.7,-21.96,4.0,14.74,true,0.1115,109.04,negative_real,111.25
data\positive_ai_augmented\positive_ai_augmented_00394.wav,1,positive_ai_augmented,C:\Dev\wakeword\data\positive_ai\positive_00290.wav,1,498.76,239.15,-51.48,1.66,4.89,false,0.0,0.0,negative_real,447.25
data\positive_ai_augmented\positive_ai_augmented_00395.wav,1,positive_ai_augmented,C:\Dev\wakeword\data\positive_ai\positive_00290.wav,2,390.81,441.81,-24.01,-2.34,15.51,false,0.0,0.0,negative_real,366.75
data\positive_ai_augmented\positive_ai_augmented_00396.wav,1,positive_ai_augmented,C:\Dev\wakeword\data\positive_ai\positive_00292.wav,0,491.0,277.75,-37.84,-5.25,11.34,true,0.1656,86.78,negative_real,453.12
data\positive_ai_augmented\positive_ai_augmented_00397.wav,1,positive_ai_augmented,C:\Dev\wakeword\data\positive_ai\positive_00292.wav,1,177.52,237.91,21.69,-2.85,5.35,false,0.0,0.0,negative_real,199.19
data\positive_ai_augmented\positive_ai_augmented_00398.wav,1,positive_ai_augmented,C:\Dev\wakeword\data\positive_ai\positive_00292.wav,2,344.98,128.06,-39.21,-0.32,6.33,false,0.0,0.0,negative_real,305.75
data\positive_ai_augmented\positive_ai_augmented_00399.wav,1,positive_ai_augmented,C:\Dev\wakeword\data\positive_ai\positive_00295.wav,0,466.45,237.3,-63.2,0.91,17.38,true,0.1062,162.13,negative_real,403.25
data\positive_ai_augmented\positive_ai_augmented_00400.wav,1,positive_ai_augmented,C:\Dev\wakeword\data\positive_ai\positive_00295.wav,1,144.32,178.67,7.15,4.79,8.3,false,0.0,0.0,negative_real,151.44
data\positive_ai_augmented\positive_ai_augmented_00401.wav,1,positive_ai_augmented,C:\Dev\wakeword\data\positive_ai\positive_00295.wav,2,495.78,126.09,103.71,4.75,8.77,false,0.0,0.0,negative_real,599.44
data\positive_ai_augmented\positive_ai_augmented_00402.wav,1,positive_ai_augmented,C:\Dev\wakeword\data\positive_ai\positive_00298.wav,0,209.0,363.53,16.71,1.35,,false,0.0,0.0,silence,225.69
data\positive_ai_augmented\positive_ai_augmented_00403.wav,1,positive_ai_augmented,C:\Dev\wakeword\data\positive_ai\positive_00298.wav,1,101.76,278.63,-118.55,-3.11,,true,0.1351,164.88,silence,100.0
data\positive_ai_augmented\positive_ai_augmented_00404.wav,1,positive_ai_augmented,C:\Dev\wakeword\data\positive_ai\positive_00298.wav,2,373.82,296.43,-115.96,-4.95,8.72,true,0.1175,136.67,negative_real,257.81
